;;к сокращению;остаток
1.50.104;карнизы;;
1.50.109;карнизы;+;
1.50.111;карнизы;;
1.50.117;карнизы;;
1.50.121;карнизы;;
1.50.127;карнизы;;
1.50.131;карнизы;;
1.50.132;карнизы;;
1.50.133;карнизы;;
1.50.147;карнизы;;
1.50.161;карнизы;;
1.50.167;карнизы;;
1.50.168;карнизы;;
1.50.173;карнизы;;
1.50.175;карнизы;;
1.50.176;карнизы;+;47
1.50.177;карнизы;;
1.50.180;карнизы;;
1.50.196;карнизы;;
1.50.203;карнизы;+;165
1.50.216;карнизы;;
1.50.252;карнизы;;
1.50.254;карнизы;;
1.50.264;карнизы;+;37
1.50.266;карнизы;;
1.50.269;карнизы;;
1.50.270;карнизы;+;9
1.50.271;карнизы;;
1.50.276;карнизы;;
1.50.277;карнизы;+;
1.50.283;карнизы;+;119
1.50.295;карнизы;;
1.51.305;молдинги;;
1.51.310;молдинги;;
1.51.312;молдинги;;
1.51.318;молдинги;+;
1.51.327;молдинги;;
1.51.342;молдинги;;
1.51.343;молдинги;;
1.51.344;молдинги;;
1.51.347;молдинги;;
1.51.352;молдинги;+;131
1.51.357;молдинги;;
1.51.361;молдинги;+;53
1.51.374;молдинги;;
1.51.377;молдинги;;
1.51.378;молдинги;;
1.51.379;молдинги;;
1.51.401;молдинги;;
1.51.803;молдинги;;
1.51.804;молдинги;;
1.51.805;молдинги;;
1.51.806;молдинги;;
1.51.807;молдинги;;
1.51.811;молдинги;;
1.51.817;молдинги;;
1.52.285;угловые элементы;;
1.52.289;угловые элементы;;
1.52.290;угловые элементы;;
1.52.293;угловые элементы;;
1.52.300;угловые элементы;+;
1.52.301;угловые элементы;;
1.52.302;угловые элементы;;
1.52.312;угловые элементы;;
1.52.318;угловые элементы;+;31
1.52.322;угловые элементы;;
1.52.361;угловые элементы;+;12
1.52.400;угловые элементы;;
1.52.810;угловые элементы;;
1.52.812;угловые элементы;;
1.52.815;угловые элементы;;
1.52.816;угловые элементы;;
1.52.817;угловые элементы;;
1.53.111;плинтусы;;
1.54.003;обрамление проёма;;
1.54.004;обрамление проёма;;
1.54.010;обрамление проёма;;
1.54.014;обрамление проёма;;
1.54.020;обрамление проёма;+;171
1.54.030;обрамление проёма;;
1.54.040;обрамление проёма;;
1.54.050;обрамление проёма;;
1.54.060;обрамление проёма;;
1.54.070;обрамление проёма;;
1.55.001;обрамление проёма;;
1.55.002;обрамление проёма;;
1.55.003;обрамление проёма;;
1.55.004;обрамление проёма;;
1.55.005;обрамление проёма;;
1.56.001;розетки;;
1.56.002;розетки;;
1.56.003;розетки;;
1.56.004;розетки;;
1.56.005;розетки;;
1.56.006;розетки;;
1.56.007;розетки;;
1.56.008;розетки;+;
1.56.009;розетки;;
1.56.010;розетки;;
1.56.011;розетки;;
1.56.012;розетки;+;
1.56.013;розетки;;
1.56.014;розетки;;
1.56.015;розетки;;
1.56.016;розетки;;
1.56.017;розетки;+;
1.56.018;розетки;;
1.56.019;розетки;+;
1.56.020;розетки;;
1.56.021;розетки;;
1.56.022;розетки;;
1.56.023;розетки;;
1.56.025;розетки;;
1.56.026;розетки;;
1.56.027;розетки;;
1.56.028;розетки;+;4
1.56.029;розетки;;
1.56.030;розетки;;
1.56.031;розетки;;
1.56.032;розетки;;
1.56.033;розетки;+;
1.56.034;розетки;;
1.56.035;розетки;;
1.56.036;розетки;;
1.56.037;розетки;;
1.56.039;розетки;;
1.56.040;розетки;;
1.56.041;розетки;;
1.56.043;розетки;;
1.56.044;розетки;;
1.56.045;розетки;+;6
1.56.046;розетки;+;17
1.56.047;розетки;;
1.56.049;розетки;;
1.56.050;розетки;;
1.56.052;розетки;+;30
1.56.054;розетки;;
1.56.055;розетки;+;
1.56.801;розетки;;
1.56.802;розетки;;
1.56.803;розетки;;
1.56.804;розетки;;
1.56.805;розетки;;
1.56.806;розетки;;
1.57.001;кессоны и купола;;
1.57.002;кессоны и купола;;
1.57.003;кессоны и купола;;
1.57.004;кессоны и купола;;
1.58.001;кессоны и купола;+;7
1.59.817;декоративные панели;;
6.50.101;карнизы;;
6.50.103;карнизы;;
6.50.105;карнизы;;
6.50.108;карнизы;;
6.50.113;карнизы;;
6.50.115;карнизы;;
6.50.130;карнизы;;
6.50.154;карнизы;;
6.50.155;карнизы;;
6.50.157;карнизы;;
6.50.160;карнизы;;
6.50.165;карнизы;;
6.50.171;карнизы;;
6.50.172;карнизы;;
6.50.174;карнизы;;
6.50.229;карнизы;;
6.50.230;карнизы;;
6.50.238;карнизы;;
6.50.239;карнизы;;
6.50.240;карнизы;;
6.50.241;карнизы;;
6.50.242;карнизы;;
6.50.243;карнизы;;
6.50.244;карнизы;;
6.50.245;карнизы;;
6.50.246;карнизы;;
6.50.247;карнизы;;
6.50.248;карнизы;;
6.50.297;карнизы;;
6.50.298;карнизы;;
6.50.299;карнизы;;
6.50.701;карнизы;+;1127
6.50.702;карнизы;+;722
6.50.703;карнизы;+;576
6.50.704;карнизы;+;177
6.50.705;карнизы;+;183
6.50.706;карнизы;+;461
6.50.708;карнизы;+;375
6.50.709;карнизы;+;224
6.50.711;карнизы;;
6.50.712;карнизы;;
6.50.713;карнизы;;
6.50.714;карнизы;;
6.50.715;карнизы;;
6.50.716;карнизы;;
6.50.719;карнизы;+;152
6.50.801;карнизы;;
6.50.802;карнизы;;
6.50.803;карнизы;;
6.50.804;карнизы;;
6.51.301;молдинги;;
6.51.302;молдинги;;
6.51.307;молдинги;;
6.51.308;молдинги;;
6.51.321;молдинги;;
6.51.322;молдинги;;
6.51.323;молдинги;;
6.51.345;молдинги;;
6.51.362;молдинги;;
6.51.363;молдинги;;
6.51.384;молдинги;;
6.51.385;молдинги;;
6.51.386;молдинги;;
6.51.389;молдинги;;
6.51.390;молдинги;;
6.51.391;молдинги;;
6.51.392;молдинги;;
6.51.400;молдинги;;
6.51.702;молдинги;;
6.51.703;молдинги;;
6.51.704;молдинги;+;268
6.51.705;молдинги;+;171
6.51.706;молдинги;+;327
6.51.707;молдинги;+;733
6.51.708;молдинги;+;581
6.51.710;молдинги;;
6.51.710;карнизы;;
6.51.801;молдинги;;
6.51.802;молдинги;;
6.51.808;молдинги;;
6.51.809;молдинги;;
6.51.810;молдинги;;
6.51.812;молдинги;;
6.51.813;молдинги;;
6.51.814;молдинги;;
6.51.815;молдинги;;
6.51.816;молдинги;;
6.53.101;плинтусы;;
6.53.102;плинтусы;;
6.53.103;плинтусы;;
6.53.104;плинтусы;;
6.53.105;плинтусы;;
6.53.106;плинтусы;;
6.53.107;плинтусы;;
6.53.108;плинтусы;;
6.53.109;плинтусы;;
6.53.110;плинтусы;;
6.53.112;плинтусы;;
6.53.113;плинтусы;;
6.53.114;плинтусы;;
6.53.115;плинтусы;;
6.53.116;плинтусы;;
6.53.117;плинтусы;;
6.53.118;плинтусы;;
6.53.701;плинтусы;;
6.53.701;карнизы;;
6.53.702;плинтусы;+;243
6.53.702;карнизы;+;243
6.53.703;плинтусы;+;729
6.53.703;карнизы;+;729
6.53.704;плинтусы;+;864
6.53.704;карнизы;+;864
6.53.705;плинтусы;;
6.53.705;карнизы;;
6.53.801;плинтусы;;
6.53.802;плинтусы;;
6.53.803;плинтусы;;
6.53.804;плинтусы;;
6.53.805;плинтусы;;
6.53.806;плинтусы;;
6.59.801;декоративные панели;;
6.59.801-280;декоративные панели;;
6.59.802;декоративные панели;;
6.59.802-280;декоративные панели;;
6.59.803;декоративные панели;;
6.59.803-280;декоративные панели;;
6.59.804;декоративные панели;;
6.59.804-280;декоративные панели;;
6.59.806;декоративные панели;;
6.59.806-280;декоративные панели;;
E01.M.290;клей;;
E02.S.290;клей;;
E03.S.60;клей;;
E04.U.290;клей;;
E12.S.290;клей;;
E13.S.60;клей;;
