;;к сокращению ;остаток
0-1.61.101-1.61.110;ниши;;
0-1.61.102-1.61.120;ниши;;
1.10.101;полуколонны;;
1.10.102;полуколонны;;
1.10.103;полуколонны;;
1.10.104;полуколонны;;
1.10.105;полуколонны;;
1.10.106;полуколонны;;
1.10.201;полуколонны;;
1.10.202;полуколонны;;
1.10.203;полуколонны;;
1.10.204;полуколонны;;
1.10.205;полуколонны;;
1.10.206;полуколонны;;
1.10.207;полуколонны;;
1.10.208;полуколонны;;
1.10.209;полуколонны;;
1.10.210;полуколонны;;
1.10.211;полуколонны;;
1.10.212;полуколонны;;
1.10.213;полуколонны;;
1.10.214;полуколонны;;
1.10.301;полуколонны;;
1.10.302;полуколонны;;
1.10.303;полуколонны;;
1.10.304;полуколонны;;
1.11.001;составные элементы;+;14
1.11.002;составные элементы;;
1.11.003;составные элементы;;
1.11.004;составные элементы;;
1.11.005;составные элементы;;
1.11.006;составные элементы;+;3
1.11.008;составные элементы;;
1.11.009;составные элементы;;
1.11.010;составные элементы;;
1.11.100;составные элементы;;
1.11.200;составные элементы;;
1.11.300;составные элементы;;
1.12.010;составные элементы;;
1.12.011;составные элементы;;
1.12.020;составные элементы;;
1.12.030;составные элементы;+;6
1.12.050;составные элементы;;
1.12.060;составные элементы;;
1.12.061;составные элементы;;
1.12.070;составные элементы;+;6
1.12.071;составные элементы;+;7
1.12.080;составные элементы;;
1.12.081;составные элементы;;
1.13.100;составные элементы;;
1.13.200;составные элементы;;
1.13.300;составные элементы;+;7
1.13.400;составные элементы;+;5
1.13.500;составные элементы;;
1.13.600;составные элементы;;
1.13.700;составные элементы;;
1.13.800;составные элементы;+;12
1.13.900;составные элементы;;
1.14.001;составные элементы;;
1.14.002;составные элементы;+;2
1.14.003;составные элементы;;
1.15.001;составные элементы;+;18
1.15.002;составные элементы;;
1.15.003;составные элементы;;
1.15.004;составные элементы;;
1.15.005;составные элементы;;
1.15.006;составные элементы;+;3
1.15.008;составные элементы;;
1.15.009;составные элементы;;
1.15.010;составные элементы;;
1.15.100;составные элементы;;
1.15.200;составные элементы;;
1.15.300;составные элементы;;
1.16.010;составные элементы;;
1.16.011;составные элементы;;
1.16.020;составные элементы;;
1.16.030;составные элементы;+;4
1.16.050;составные элементы;;
1.16.060;составные элементы;;
1.16.061;составные элементы;;
1.16.070;составные элементы;+;10
1.16.071;составные элементы;+;4
1.16.080;составные элементы;;
1.16.081;составные элементы;;
1.17.100;составные элементы;;
1.17.200;составные элементы;;
1.17.300;составные элементы;+;4
1.17.400;составные элементы;+;5
1.17.500;составные элементы;;
1.17.600;составные элементы;;
1.17.700;составные элементы;;
1.17.800;составные элементы;+;1
1.17.900;составные элементы;;
1.18.001;составные элементы;;
1.18.002;составные элементы;+;3
1.18.003;составные элементы;;
1.19.001;кронштейны;+;12
1.19.002;кронштейны;;
1.19.003;кронштейны;;
1.19.004;кронштейны;;
1.19.005;кронштейны;;
1.19.006;кронштейны;;
1.19.007;кронштейны;+;24
1.19.008;кронштейны;;
1.19.009;кронштейны;+;31
1.19.010;кронштейны;;
1.19.011;кронштейны;+;25
1.19.012;кронштейны;+;12
1.19.013;кронштейны;;
1.19.014;кронштейны;+;6
1.19.015;кронштейны;+;9
1.19.016;кронштейны;+;12
1.19.017;кронштейны;;
1.19.018;кронштейны;+;19
1.19.137;кронштейны;;
1.19.801;кронштейны;;
1.20.001;пилястры;;
1.20.002;пилястры;;
1.20.101;пилястры;;
1.20.102;пилястры;;
1.20.103;пилястры;;
1.20.201;пилястры;;
1.20.202;пилястры;;
1.20.301;пилястры;;
1.20.302;пилястры;;
1.20.303;пилястры;;
1.21.001;составные элементы;;
1.21.002;составные элементы;;
1.21.003;составные элементы;;
1.21.004;составные элементы;;
1.21.005;составные элементы;;
1.21.006;составные элементы;;
1.21.007;составные элементы;;
1.21.008;составные элементы;;
1.22.010;составные элементы;;
1.22.020;составные элементы;;
1.22.030;составные элементы;;
1.22.040;составные элементы;;
1.22.050;составные элементы;;
1.22.200;составные элементы;;
1.23.100;составные элементы;;
1.23.200;составные элементы;;
1.23.300;составные элементы;;
1.23.400;составные элементы;;
1.23.500;составные элементы;;
1.23.600;составные элементы;;
1.26.001;архитравы;+;62
1.26.001;гибкие аналоги;+;32
1.26.002;архитравы;+;18
1.26.002;гибкие аналоги;+;5
1.26.003;архитравы;+;31
1.26.003;гибкие аналоги;+;
1.30.101;колонны;;
1.30.102;колонны;;
1.30.103;колонны;;
1.30.104;колонны;;
1.30.105;колонны;;
1.30.106;колонны;;
1.30.201;колонны;;
1.30.202;колонны;;
1.30.203;колонны;;
1.30.204;колонны;;
1.30.205;колонны;;
1.30.206;колонны;;
1.30.207;колонны;;
1.30.208;колонны;;
1.30.209;колонны;;
1.30.210;колонны;;
1.30.211;колонны;;
1.30.212;колонны;;
1.30.213;колонны;;
1.30.214;колонны;;
1.30.301;колонны;;
1.30.302;колонны;;
1.30.303;колонны;;
1.30.304;колонны;;
1.50.100;карнизы;;
1.50.100;гибкие карнизы;;
1.50.101;карнизы;;
1.50.101;гибкие карнизы;;
1.50.102;карнизы;;
1.50.102;гибкие карнизы;;
1.50.103;карнизы;;
1.50.103;гибкие карнизы;;
1.50.104;карнизы;;
1.50.104;гибкие карнизы;;
1.50.105;карнизы;;
1.50.105;гибкие карнизы;;
1.50.106;карнизы;;
1.50.106;гибкие карнизы;;
1.50.107;карнизы;+;35
1.50.107;гибкие карнизы;+;20
1.50.108;карнизы;;
1.50.108;гибкие карнизы;;
1.50.109;карнизы;+;
1.50.109;гибкие карнизы;+;34
1.50.110;карнизы;;
1.50.110;гибкие карнизы;;
1.50.111;карнизы;;
1.50.111;гибкие карнизы;;
1.50.112;карнизы;;
1.50.112;гибкие карнизы;;
1.50.113;карнизы;;
1.50.113;гибкие карнизы;;
1.50.114;карнизы;+;
1.50.114;гибкие карнизы;+;22
1.50.115;карнизы;;
1.50.115;гибкие карнизы;;
1.50.116;карнизы;;
1.50.116;гибкие карнизы;;
1.50.117;карнизы;;
1.50.117;гибкие карнизы;;
1.50.118;карнизы;+;130
1.50.118;гибкие карнизы;+;20
1.50.119;карнизы;;
1.50.119;гибкие карнизы;;
1.50.120;карнизы;;
1.50.120;гибкие карнизы;;
1.50.121;карнизы;;
1.50.121;гибкие карнизы;;
1.50.122;карнизы;;
1.50.122;гибкие карнизы;;
1.50.123;карнизы;;
1.50.123;гибкие карнизы;;
1.50.124;карнизы;;
1.50.124;гибкие карнизы;;
1.50.125;карнизы;;
1.50.125;гибкие карнизы;;
1.50.126;карнизы;;
1.50.126;гибкие карнизы;;
1.50.127;карнизы;;
1.50.127;гибкие карнизы;;
1.50.128;карнизы;;
1.50.128;гибкие карнизы;;
1.50.129;карнизы;;
1.50.129;гибкие карнизы;;
1.50.130;карнизы;;
1.50.130;гибкие карнизы;;
1.50.131;карнизы;;
1.50.131;гибкие карнизы;;
1.50.132;карнизы;;
1.50.132;гибкие карнизы;;
1.50.133;карнизы;;
1.50.133;гибкие карнизы;;
1.50.134;карнизы;;
1.50.134;гибкие карнизы;;
1.50.135;карнизы;+;127
1.50.135;гибкие карнизы;+;18
1.50.136;карнизы;+;108
1.50.136;гибкие карнизы;+;19
1.50.137;карнизы;;
1.50.137;гибкие карнизы;;
1.50.138;карнизы;;
1.50.138;гибкие карнизы;;
1.50.139;карнизы;;
1.50.139;гибкие карнизы;;
1.50.140;карнизы;;
1.50.140;гибкие карнизы;;
1.50.141;карнизы;;
1.50.141;гибкие карнизы;;
1.50.142;карнизы;;
1.50.142;гибкие карнизы;;
1.50.143;карнизы;;
1.50.143;гибкие карнизы;;
1.50.144;карнизы;;
1.50.144;гибкие карнизы;;
1.50.145;карнизы;;
1.50.145;гибкие карнизы;;
1.50.146;карнизы;;
1.50.146;гибкие карнизы;;
1.50.147;карнизы;;
1.50.147;гибкие карнизы;;
1.50.148;карнизы;;
1.50.148;гибкие карнизы;;
1.50.149;карнизы;;
1.50.149;гибкие карнизы;;
1.50.150;карнизы;;
1.50.150;гибкие карнизы;;
1.50.151;карнизы;+;
1.50.151;гибкие карнизы;+;9
1.50.152;карнизы;+;23
1.50.152;гибкие карнизы;+;
1.50.153;карнизы;+;5
1.50.153;гибкие карнизы;+;9
1.50.154;карнизы;;
1.50.154;гибкие карнизы;;
1.50.155;карнизы;;
1.50.155;гибкие карнизы;;
1.50.156;карнизы;;
1.50.156;гибкие карнизы;;
1.50.157;карнизы;;
1.50.157;гибкие карнизы;;
1.50.158;карнизы;;
1.50.158;гибкие карнизы;;
1.50.159;карнизы;;
1.50.159;гибкие карнизы;;
1.50.160;карнизы;;
1.50.160;гибкие карнизы;;
1.50.161;карнизы;;
1.50.161;гибкие карнизы;;
1.50.162;карнизы;;
1.50.162;гибкие карнизы;;
1.50.163;карнизы;;
1.50.163;гибкие карнизы;;
1.50.164;карнизы;;
1.50.164;гибкие карнизы;;
1.50.165;карнизы;;
1.50.165;гибкие карнизы;;
1.50.166;карнизы;+;151
1.50.166;гибкие карнизы;+;10
1.50.167;карнизы;;
1.50.168;карнизы;;
1.50.168;гибкие карнизы;;
1.50.169;карнизы;;
1.50.169;гибкие карнизы;;
1.50.170;карнизы;;
1.50.170;гибкие карнизы;;
1.50.171;карнизы;;
1.50.171;гибкие карнизы;;
1.50.172;карнизы;;
1.50.172;гибкие карнизы;;
1.50.173;карнизы;;
1.50.173;гибкие карнизы;;
1.50.174;карнизы;;
1.50.174;гибкие карнизы;;
1.50.175;карнизы;;
1.50.175;гибкие карнизы;;
1.50.176;карнизы;+;47
1.50.176;гибкие карнизы;+;
1.50.177;карнизы;;
1.50.177;гибкие карнизы;;
1.50.179;карнизы;;
1.50.179;гибкие карнизы;;
1.50.180;карнизы;;
1.50.180;гибкие карнизы;;
1.50.181;карнизы;+;42
1.50.181;гибкие карнизы;+;17
1.50.182;карнизы;+;103
1.50.182;гибкие карнизы;+;20
1.50.183;карнизы;;
1.50.183;гибкие карнизы;;
1.50.184;карнизы;+;16
1.50.184;гибкие карнизы;+;31
1.50.185;карнизы;+;100
1.50.185;гибкие карнизы;+;17
1.50.186;карнизы;+;68
1.50.186;гибкие карнизы;+;16
1.50.187;карнизы;+;
1.50.187;гибкие карнизы;+;13
1.50.188;карнизы;+;91
1.50.188;гибкие карнизы;+;24
1.50.189;карнизы;;
1.50.189;гибкие карнизы;;
1.50.190;карнизы;+;73
1.50.190;гибкие карнизы;+;12
1.50.191;карнизы;+;116
1.50.191;гибкие карнизы;+;9
1.50.192;карнизы;;
1.50.192;гибкие карнизы;;
1.50.193;карнизы;+;271
1.50.193;гибкие карнизы;+;25
1.50.194;карнизы;;
1.50.194;гибкие карнизы;;
1.50.195;карнизы;+;95
1.50.195;гибкие карнизы;+;14
1.50.196;карнизы;;
1.50.196;гибкие карнизы;;
1.50.197;карнизы;+;234
1.50.197;гибкие карнизы;+;28
1.50.198;карнизы;;
1.50.198;гибкие карнизы;;
1.50.199;карнизы;;
1.50.199;гибкие карнизы;;
1.50.200;карнизы;+;
1.50.200;гибкие карнизы;+;22
1.50.201;карнизы;;
1.50.201;гибкие карнизы;;
1.50.202;карнизы;;
1.50.202;гибкие карнизы;;
1.50.203;карнизы;+;165
1.50.203;гибкие карнизы;+;14
1.50.204;карнизы;+;15
1.50.204;гибкие карнизы;+;23
1.50.205;карнизы;+;120
1.50.205;гибкие карнизы;+;10
1.50.206;карнизы;+;
1.50.206;гибкие карнизы;+;14
1.50.207;карнизы;+;64
1.50.207;гибкие карнизы;+;22
1.50.208;карнизы;;
1.50.208;гибкие карнизы;;
1.50.209;карнизы;;
1.50.209;гибкие карнизы;;
1.50.210;карнизы;+;72
1.50.210;гибкие карнизы;+;13
1.50.211;карнизы;;
1.50.212;карнизы;+;127
1.50.213;карнизы;;
1.50.213;гибкие карнизы;;
1.50.214;карнизы;;
1.50.214;гибкие карнизы;;
1.50.215;карнизы;;
1.50.215;гибкие карнизы;;
1.50.216;карнизы;;
1.50.216;гибкие карнизы;;
1.50.220;карнизы;;
1.50.220;гибкие карнизы;;
1.50.221;карнизы;;
1.50.221;гибкие карнизы;;
1.50.222;карнизы;;
1.50.222;гибкие карнизы;;
1.50.225;карнизы;;
1.50.225;гибкие карнизы;;
1.50.226;карнизы;;
1.50.226;гибкие карнизы;;
1.50.227;карнизы;;
1.50.227;гибкие карнизы;;
1.50.228;карнизы;;
1.50.228;гибкие карнизы;;
1.50.229;карнизы;;
1.50.229;гибкие карнизы;;
1.50.249;карнизы;;
1.50.249;гибкие карнизы;;
1.50.250;карнизы;+;38
1.50.250;гибкие карнизы;+;21
1.50.251;карнизы;;
1.50.251;гибкие карнизы;;
1.50.252;карнизы;;
1.50.252;гибкие карнизы;;
1.50.253;карнизы;+;10
1.50.253;гибкие карнизы;+;35
1.50.254;карнизы;;
1.50.254;гибкие карнизы;;
1.50.255;карнизы;+;
1.50.255;гибкие карнизы;+;13
1.50.256;карнизы;;
1.50.256;гибкие карнизы;;
1.50.257;карнизы;;
1.50.257;гибкие карнизы;;
1.50.258;карнизы;;
1.50.258;гибкие карнизы;;
1.50.259;карнизы;+;
1.50.259;гибкие карнизы;+;5
1.50.260;карнизы;+;10
1.50.260;гибкие карнизы;+;18
1.50.261;карнизы;;
1.50.261;гибкие карнизы;;
1.50.262;карнизы;;
1.50.262;гибкие карнизы;;
1.50.264;карнизы;+;37
1.50.264;гибкие карнизы;+;6
1.50.265;карнизы;+;40
1.50.265;гибкие карнизы;+;2
1.50.266;карнизы;;
1.50.266;гибкие карнизы;;
1.50.267;карнизы;+;60
1.50.267;гибкие карнизы;+;10
1.50.268;карнизы;+;31
1.50.268;гибкие карнизы;+;3
1.50.269;карнизы;;
1.50.269;гибкие карнизы;;
1.50.270;карнизы;+;9
1.50.270;гибкие карнизы;+;14
1.50.271;карнизы;;
1.50.271;гибкие карнизы;;
1.50.272;карнизы;+;
1.50.272;гибкие карнизы;+;
1.50.273;карнизы;;
1.50.273;гибкие карнизы;;
1.50.274;карнизы;;
1.50.274;гибкие карнизы;;
1.50.275;карнизы;;
1.50.275;гибкие карнизы;;
1.50.276;карнизы;;
1.50.276;гибкие карнизы;;
1.50.277;карнизы;+;
1.50.277;гибкие карнизы;+;
1.50.278;карнизы;+;113
1.50.278;гибкие карнизы;+;26
1.50.279;карнизы;+;86
1.50.279;гибкие карнизы;+;12
1.50.280;карнизы;+;56
1.50.280;гибкие карнизы;+;
1.50.281;карнизы;;
1.50.281;гибкие карнизы;;
1.50.282;карнизы;+;29
1.50.282;гибкие карнизы;+;11
1.50.283;карнизы;+;119
1.50.283;гибкие карнизы;+;13
1.50.284;карнизы;+;
1.50.284;гибкие карнизы;+;13
1.50.285;карнизы;+;60
1.50.285;гибкие карнизы;+;1
1.50.286;карнизы;+;220
1.50.286;гибкие карнизы;+;
1.50.288;карнизы;;
1.50.288;гибкие карнизы;;
1.50.289;карнизы;+;231
1.50.289;гибкие карнизы;+;21
1.50.290;карнизы;+;276
1.50.290;гибкие карнизы;+;34
1.50.292;карнизы;+;
1.50.292;гибкие карнизы;+;21
1.50.293;карнизы;;
1.50.293;гибкие карнизы;;
1.50.294;карнизы;;
1.50.294;гибкие карнизы;;
1.50.295;карнизы;;
1.50.295;гибкие карнизы;;
1.50.296;карнизы;;
1.50.296;гибкие карнизы;;
1.50.297;карнизы;+;24
1.50.297;гибкие карнизы;+;20
1.50.298;карнизы;;
1.50.298;гибкие карнизы;;
1.50.299;карнизы;+;17
1.50.299;гибкие карнизы;+;19
1.50.501;карнизы;;
1.50.502;карнизы;;
1.50.503;карнизы;;
1.50.504;карнизы;;
1.50.524;карнизы;;
1.50.621;карнизы;;
1.50.621;гибкие карнизы;;
1.50.622;карнизы;;
1.50.622;гибкие карнизы;;
1.50.623;карнизы;;
1.50.623;гибкие карнизы;;
1.50.624;карнизы;;
1.50.624;гибкие карнизы;;
1.50.710;карнизы;;
1.51.301;молдинги;;
1.51.301;гибкие молдинги;;
1.51.302;молдинги;;
1.51.302;гибкие молдинги;;
1.51.303;молдинги;;
1.51.303;гибкие молдинги;;
1.51.304;молдинги;;
1.51.304;гибкие молдинги;;
1.51.305;молдинги;;
1.51.305;гибкие молдинги;;
1.51.306;молдинги;;
1.51.306;гибкие молдинги;;
1.51.307;молдинги;;
1.51.307;гибкие молдинги;;
1.51.308;молдинги;;
1.51.308;гибкие молдинги;;
1.51.309;молдинги;+;146
1.51.309;гибкие молдинги;+;20
1.51.310;молдинги;;
1.51.310;гибкие молдинги;;
1.51.311;молдинги;+;183
1.51.311;гибкие молдинги;+;25
1.51.312;молдинги;;
1.51.312;гибкие молдинги;;
1.51.313;молдинги;+;
1.51.313;гибкие молдинги;+;9
1.51.314;молдинги;;
1.51.314;гибкие молдинги;;
1.51.315;молдинги;;
1.51.315;гибкие молдинги;;
1.51.316;молдинги;;
1.51.316;гибкие молдинги;;
1.51.317;молдинги;;
1.51.317;гибкие молдинги;;
1.51.318;молдинги;+;
1.51.318;гибкие молдинги;+;33
1.51.319;молдинги;+;51
1.51.319;гибкие молдинги;+;22
1.51.320;молдинги;+;4
1.51.320;гибкие молдинги;+;
1.51.321;молдинги;;
1.51.321;гибкие молдинги;;
1.51.322;молдинги;;
1.51.322;гибкие молдинги;;
1.51.323;молдинги;;
1.51.323;гибкие молдинги;;
1.51.324;молдинги;+;154
1.51.324;гибкие молдинги;+;29
1.51.325;молдинги;+;
1.51.325;гибкие молдинги;+;14
1.51.326;молдинги;+;125
1.51.326;гибкие молдинги;+;29
1.51.327;молдинги;;
1.51.327;гибкие молдинги;;
1.51.328;молдинги;+;27
1.51.328;гибкие молдинги;+;20
1.51.329;молдинги;+;186
1.51.329;гибкие молдинги;+;82
1.51.330;молдинги;+;4
1.51.330;гибкие молдинги;+;
1.51.331;молдинги;+;142
1.51.331;гибкие молдинги;+;12
1.51.332;молдинги;+;
1.51.332;гибкие молдинги;+;21
1.51.333;молдинги;;
1.51.333;гибкие молдинги;;
1.51.334;молдинги;+;
1.51.334;гибкие молдинги;+;31
1.51.335;молдинги;+;197
1.51.335;гибкие молдинги;+;25
1.51.336;молдинги;+;
1.51.336;гибкие молдинги;+;2
1.51.337;молдинги;;
1.51.337;гибкие молдинги;;
1.51.338;молдинги;;
1.51.338;гибкие молдинги;;
1.51.339;молдинги;+;50
1.51.339;гибкие молдинги;+;5
1.51.340;молдинги;+;7
1.51.340;гибкие молдинги;+;9
1.51.341;молдинги;+;
1.51.341;гибкие молдинги;+;3
1.51.342;молдинги;;
1.51.342;гибкие молдинги;;
1.51.343;молдинги;;
1.51.343;гибкие молдинги;;
1.51.344;молдинги;;
1.51.344;гибкие молдинги;;
1.51.345;молдинги;;
1.51.345;гибкие молдинги;;
1.51.346;молдинги;;
1.51.346;гибкие молдинги;;
1.51.347;молдинги;;
1.51.347;гибкие молдинги;;
1.51.348;молдинги;;
1.51.348;гибкие молдинги;;
1.51.349;молдинги;+;70
1.51.349;гибкие молдинги;+;21
1.51.350;молдинги;+;11
1.51.350;гибкие молдинги;+;24
1.51.351;молдинги;+;22
1.51.351;гибкие молдинги;+;29
1.51.352;молдинги;+;131
1.51.352;гибкие молдинги;+;37
1.51.353;молдинги;;
1.51.353;гибкие молдинги;;
1.51.354;молдинги;;
1.51.354;гибкие молдинги;;
1.51.355;молдинги;;
1.51.355;гибкие молдинги;;
1.51.356;молдинги;;
1.51.356;гибкие молдинги;;
1.51.357;молдинги;;
1.51.357;гибкие молдинги;;
1.51.358;молдинги;+;41
1.51.358;гибкие молдинги;+;18
1.51.359;молдинги;+;416
1.51.359;гибкие молдинги;+;29
1.51.360;молдинги;;
1.51.360;гибкие молдинги;;
1.51.361;молдинги;+;53
1.51.361;гибкие молдинги;+;17
1.51.362;молдинги;;
1.51.362;гибкие молдинги;;
1.51.363;молдинги;;
1.51.363;гибкие молдинги;;
1.51.364;молдинги;+;40
1.51.365;молдинги;+;77
1.51.366;молдинги;+;7
1.51.367;молдинги;;
1.51.367;гибкие молдинги;;
1.51.368;молдинги;+;131
1.51.368;гибкие молдинги;+;14
1.51.369;молдинги;+;24
1.51.370;молдинги;;
1.51.370;гибкие молдинги;;
1.51.371;молдинги;+;47
1.51.372;молдинги;+;124
1.51.373;молдинги;+;76
1.51.373;гибкие молдинги;+;14
1.51.374;молдинги;;
1.51.374;гибкие молдинги;;
1.51.375;молдинги;;
1.51.375;гибкие молдинги;;
1.51.376;молдинги;+;27
1.51.376;гибкие молдинги;+;17
1.51.377;молдинги;;
1.51.377;гибкие молдинги;;
1.51.378;молдинги;;
1.51.378;гибкие молдинги;;
1.51.379;молдинги;;
1.51.379;гибкие молдинги;;
1.51.380;молдинги;+;
1.51.380;гибкие молдинги;+;19
1.51.381;молдинги;;
1.51.381;гибкие молдинги;;
1.51.382;молдинги;+;92
1.51.382;гибкие молдинги;+;23
1.51.383;молдинги;;
1.51.383;гибкие молдинги;;
1.51.384;молдинги;;
1.51.384;гибкие молдинги;;
1.51.385;молдинги;;
1.51.385;гибкие молдинги;;
1.51.386;молдинги;;
1.51.386;гибкие молдинги;;
1.51.387;молдинги;+;85
1.51.388;молдинги;;
1.51.400;молдинги;;
1.51.400;гибкие молдинги;;
1.51.401;молдинги;;
1.51.401;гибкие молдинги;;
1.51.501;молдинги;;
1.51.502;молдинги;;
1.51.503;молдинги;;
1.51.504;молдинги;;
1.51.510;молдинги;;
1.51.513;молдинги;;
1.51.518;молдинги;;
1.51.518;декоративные панели;;
1.51.518;потолочные панели;;
1.51.601;молдинги;+;61
1.51.602;молдинги;+;
1.51.603;молдинги;+;33
1.51.604;молдинги;+;41
1.51.605;молдинги;;
1.51.606;молдинги;;
1.51.701;молдинги;;
1.51.701;гибкие молдинги;;
1.51.711;карнизы;;
1.51.711;молдинги;;
1.51.803;молдинги;;
1.51.804;молдинги;;
1.51.805;молдинги;;
1.51.806;молдинги;;
1.51.807;молдинги;;
1.51.811;молдинги;;
1.51.817;молдинги;;
1.52.279;угловые элементы;;
1.52.283;угловые элементы;;
1.52.284;угловые элементы;;
1.52.285;угловые элементы;;
1.52.286;угловые элементы;;
1.52.287;угловые элементы;;
1.52.288;угловые элементы;;
1.52.289;угловые элементы;;
1.52.290;угловые элементы;;
1.52.291;угловые элементы;;
1.52.292;угловые элементы;;
1.52.293;угловые элементы;;
1.52.294;угловые элементы;;
1.52.295;угловые элементы;;
1.52.296;угловые элементы;;
1.52.297;угловые элементы;;
1.52.298;угловые элементы;;
1.52.299;угловые элементы;;
1.52.300;угловые элементы;+;
1.52.301;угловые элементы;;
1.52.302;угловые элементы;;
1.52.303;угловые элементы;+;60
1.52.308;угловые элементы;;
1.52.312;угловые элементы;;
1.52.313;угловые элементы;+;
1.52.314;угловые элементы;;
1.52.318;угловые элементы;+;31
1.52.322;угловые элементы;;
1.52.326;угловые элементы;+;4
1.52.328;угловые элементы;+;14
1.52.348;угловые элементы;;
1.52.352;угловые элементы;+;6
1.52.361;угловые элементы;+;12
1.52.375;угловые элементы;;
1.52.376;угловые элементы;+;30
1.52.400;угловые элементы;;
1.52.810;угловые элементы;;
1.52.812;угловые элементы;;
1.52.815;угловые элементы;;
1.52.816;угловые элементы;;
1.52.817;угловые элементы;;
1.53.101;плинтусы;;
1.53.101;гибкие плинтусы;;
1.53.102;плинтусы;;
1.53.102;гибкие плинтусы;;
1.53.103;плинтусы;;
1.53.103;гибкие плинтусы;;
1.53.104;плинтусы;;
1.53.104;гибкие плинтусы;;
1.53.105;плинтусы;;
1.53.105;гибкие плинтусы;;
1.53.106;плинтусы;;
1.53.106;гибкие плинтусы;;
1.53.107;плинтусы;;
1.53.107;гибкие плинтусы;;
1.53.108;плинтусы;;
1.53.108;гибкие плинтусы;;
1.53.109;плинтусы;;
1.53.109;гибкие плинтусы;;
1.53.110;плинтусы;;
1.53.110;гибкие плинтусы;;
1.53.111;плинтусы;;
1.53.111;гибкие плинтусы;;
1.53.112;плинтусы;;
1.53.112;гибкие плинтусы;;
1.53.501;плинтусы;;
1.54.001;обрамление проёма;;
1.54.002;обрамление проёма;;
1.54.003;обрамление проёма;;
1.54.004;обрамление проёма;;
1.54.005;обрамление проёма;+;9
1.54.006;обрамление проёма;+;13
1.54.007;обрамление проёма;+;24
1.54.008;обрамление проёма;+;10
1.54.009;обрамление проёма;+;38
1.54.010;обрамление проёма;;
1.54.010;обрамление проёма;;
1.54.011;обрамление проёма;+;10
1.54.012;обрамление проёма;+;6
1.54.013;обрамление проёма;;
1.54.013;обрамление проёма;;
1.54.014;обрамление проёма;;
1.54.015;обрамление проёма;+;14
1.54.016;обрамление проёма;+;18
1.54.017;обрамление проёма;;
1.54.018;обрамление проёма;+;6
1.54.019;обрамление проёма;+;35
1.54.020;обрамление проёма;+;171
1.54.030;обрамление проёма;;
1.54.030;обрамление проёма;;
1.54.040;обрамление проёма;;
1.54.040;обрамление проёма;;
1.54.050;обрамление проёма;;
1.54.050;обрамление проёма;;
1.54.060;обрамление проёма;;
1.54.060;обрамление проёма;;
1.54.070;обрамление проёма;;
1.54.070;обрамление проёма;;
1.55.001;обрамление проёма;;
1.55.002;обрамление проёма;;
1.55.003;обрамление проёма;;
1.55.004;обрамление проёма;;
1.55.005;обрамление проёма;;
1.56.001;розетки;;
1.56.002;розетки;;
1.56.003;розетки;;
1.56.004;розетки;;
1.56.005;розетки;;
1.56.006;розетки;;
1.56.007;розетки;;
1.56.008;розетки;+;
1.56.009;розетки;;
1.56.010;розетки;;
1.56.011;розетки;;
1.56.012;розетки;+;
1.56.013;розетки;;
1.56.014;розетки;;
1.56.015;розетки;;
1.56.016;розетки;;
1.56.017;розетки;+;
1.56.018;розетки;;
1.56.019;розетки;+;
1.56.020;розетки;;
1.56.021;розетки;;
1.56.022;розетки;;
1.56.023;розетки;;
1.56.024;розетки;+;
1.56.025;розетки;;
1.56.026;розетки;;
1.56.027;розетки;;
1.56.028;розетки;+;4
1.56.029;розетки;;
1.56.030;розетки;;
1.56.031;розетки;;
1.56.032;розетки;;
1.56.033;розетки;+;
1.56.034;розетки;;
1.56.035;розетки;;
1.56.036;розетки;;
1.56.037;розетки;;
1.56.038;розетки;+;
1.56.039;розетки;;
1.56.040;розетки;;
1.56.041;розетки;;
1.56.042;розетки;+;
1.56.043;розетки;;
1.56.044;розетки;;
1.56.045;розетки;+;6
1.56.046;розетки;+;17
1.56.047;розетки;;
1.56.048;розетки;+;
1.56.049;розетки;;
1.56.050;розетки;;
1.56.051;розетки;;
1.56.052;розетки;+;30
1.56.053;розетки;+;7
1.56.054;розетки;;
1.56.055;розетки;+;
1.56.056;розетки;+;
1.56.057;розетки;+;
1.56.501;розетки;;
1.56.502;розетки;;
1.56.503;розетки;;
1.56.511;розетки;;
1.56.512;розетки;;
1.56.701;розетки;+;19
1.56.702;розетки;;
1.56.703;розетки;+;112
1.56.705;розетки;+;99
1.56.707;розетки;+;58
1.56.708;розетки;+;83
1.56.709;розетки;+;33
1.56.710;розетки;+;111
1.56.801;розетки;;
1.56.802;розетки;;
1.56.803;розетки;;
1.56.804;розетки;;
1.56.805;розетки;;
1.56.806;розетки;;
1.57.001;кессоны и купола;;
1.57.002;кессоны и купола;;
1.57.003;кессоны и купола;;
1.57.004;кессоны и купола;;
1.57.501;потолочные панели;;
1.57.502;потолочные панели;;
1.57.502;потолочные панели;;
1.57.503;потолочные панели;;
1.57.503;потолочные панели;;
1.57.504;потолочные панели;;
1.57.504;потолочные панели;;
1.58.001;кессоны и купола;+;7
1.59.001;декоративные панели;;
1.59.003;декоративные панели;;
1.59.004;декоративные панели;;
1.59.005;декоративные панели;;
1.59.501;декоративные панели;;
1.59.503;декоративные панели;;
1.59.817;декоративные панели;;
1.60.001;орнаменты;+;4
1.60.002;орнаменты;+;9
1.60.003;орнаменты;;
1.60.004;орнаменты;;
1.60.005;орнаменты;;
1.60.006;орнаменты;;
1.60.007;орнаменты;;
1.60.008;орнаменты;;
1.60.009;орнаменты;;
1.60.010;орнаменты;;
1.60.011;орнаменты;;
1.60.012;орнаменты;+;5
1.60.014;орнаменты;+;24
1.60.015;орнаменты;;
1.60.017;орнаменты;;
1.60.018;орнаменты;+;46
1.60.019;орнаменты;;
1.60.020;орнаменты;;
1.60.021;орнаменты;;
1.60.022;орнаменты;;
1.60.023;орнаменты;;
1.60.024;орнаменты;;
1.60.025;орнаменты;;
1.60.026;орнаменты;+;18
1.60.027;орнаменты;;
1.60.028;орнаменты;;
1.60.029;орнаменты;+;32
1.60.030;орнаменты;;
1.60.031;орнаменты;;
1.60.032;орнаменты;;
1.60.033;орнаменты;+;
1.60.034;орнаменты;;
1.60.035;орнаменты;;
1.60.036;орнаменты;;
1.60.037;орнаменты;;
1.60.038;орнаменты;;
1.60.039;орнаменты;+;23
1.60.040;орнаменты;+;30
1.60.108;орнаменты;;
1.60.109;орнаменты;;
1.60.110;орнаменты;;
1.60.111;орнаменты;;
1.60.114;орнаменты;+;24
1.60.120;орнаменты;;
1.60.123;орнаменты;;
1.60.135;орнаменты;;
1.60.501;орнаменты;;
1.60.503;орнаменты;;
1.61.101;ниши;+;1
1.61.102;ниши;+;
1.61.110;ниши;+;
1.61.120;ниши;+;
1.61.511;арочный элемент;;
1.61.511;арочный элемент;;
1.62.801;декоративные элементы;;
1.62.802;декоративные элементы;;
1.62.803;декоративные элементы;;
1.62.804;декоративные элементы;;
1.62.805;декоративные элементы;;
1.62.806;декоративные элементы;;
1.63.001;сандрики;;
1.63.002;сандрики;;
1.63.003;сандрики;+;6
1.64.001;элементы камина;;
1.64.002;элементы камина;;
1.64.003;элементы камина;;
1.64.004;элементы камина;;
1.64.005;элементы камина;;
1.64.005;элементы камина;;
1.64.100;декоративные камины;;
1.64.101;декоративные камины;;
1.64.801;элементы камина;;
1.64.801;элементы камина;;
1.64.801;элементы камина;;
1.64.803;элементы камина;;
1.64.803;элементы камина;;
1.64.803;элементы камина;;
1.64.811;декоративные камины;;
1.64.813;декоративные камины;;
1.65.001;дополнительные элементы;;
1.65.002;дополнительные элементы;;
1.65.003;дополнительные элементы;;
1.65.501;дополнительные элементы;;
1.65.502;дополнительные элементы;;
1.65.503;дополнительные элементы;;
4.01.101;карнизы;;
4.01.103;карнизы;;
4.01.111;дополнительные элементы;;
4.01.113;дополнительные элементы;;
4.01.121;дополнительные элементы;;
4.01.123;дополнительные элементы;;
4.01.131;дополнительные элементы;;
4.01.133;дополнительные элементы;;
4.01.201;карнизы;;
4.01.202;карнизы;;
4.01.211;дополнительные элементы;;
4.01.212;дополнительные элементы;;
4.01.221;дополнительные элементы;;
4.01.222;дополнительные элементы;;
4.01.231;дополнительные элементы;;
4.01.232;дополнительные элементы;;
4.01.301;карнизы;;
4.01.302;карнизы;;
4.01.311;дополнительные элементы;;
4.01.312;дополнительные элементы;;
4.01.321;дополнительные элементы;;
4.01.322;дополнительные элементы;;
4.01.331;дополнительные элементы;;
4.01.332;дополнительные элементы;;
4.02.101;карнизы;;
4.02.111;дополнительные элементы;;
4.02.121;дополнительные элементы;;
4.02.131;дополнительные элементы;;
4.02.201;карнизы;;
4.02.211;дополнительные элементы;;
4.02.221;дополнительные элементы;;
4.02.231;дополнительные элементы;;
4.02.301;карнизы;;
4.02.311;дополнительные элементы;;
4.02.321;дополнительные элементы;;
4.02.331;дополнительные элементы;;
4.03.101;фризы;;
4.03.102;фризы;;
4.03.131;дополнительные элементы;;
4.03.132;дополнительные элементы;;
4.03.132;дополнительные элементы;;
4.03.201;фризы;;
4.03.202;фризы;;
4.03.231;дополнительные элементы;;
4.03.232;дополнительные элементы;;
4.03.301;фризы;;
4.03.302;фризы;;
4.03.331;дополнительные элементы;;
4.03.332;дополнительные элементы;;
4.04.101;архитравы;;
4.04.102;архитравы;;
4.04.131;дополнительные элементы;;
4.04.132;дополнительные элементы;;
4.04.201;архитравы;;
4.04.202;архитравы;;
4.04.231;дополнительные элементы;;
4.04.232;дополнительные элементы;;
4.04.301;архитравы;;
4.04.302;архитравы;;
4.04.331;дополнительные элементы;;
4.04.332;дополнительные элементы;;
4.05.101;накладные элементы;;
4.05.102;накладные элементы;;
4.06.101;накладные элементы;;
4.07.101;накладные элементы;;
4.08.301;накладные элементы;;
4.08.302;накладные элементы;;
4.10.101;полуколонны;;
4.10.102;полуколонны;;
4.10.103;полуколонны;;
4.10.104;полуколонны;;
4.10.201;полуколонны;;
4.10.202;полуколонны;;
4.10.204;полуколонны;;
4.10.205;полуколонны;;
4.10.206;полуколонны;;
4.10.301;полуколонны;;
4.10.305;полуколонны;;
4.10.306;полуколонны;;
4.10.307;полуколонны;;
4.11.101;составные элементы;;
4.11.102;составные элементы;;
4.11.201;составные элементы;;
4.11.202;составные элементы;;
4.11.301;составные элементы;;
4.11.302;составные элементы;;
4.12.001;составные элементы;;
4.12.002;составные элементы;;
4.12.002;составные элементы;;
4.12.002;составные элементы;;
4.12.003;составные элементы;;
4.12.004;составные элементы;;
4.12.004;составные элементы;;
4.12.004;составные элементы;;
4.12.005;составные элементы;;
4.12.101;составные элементы;;
4.12.102;составные элементы;;
4.12.201;составные элементы;;
4.12.202;составные элементы;;
4.12.301;составные элементы;;
4.13.001;составные элементы;;
4.13.002;составные элементы;;
4.13.101;составные элементы;;
4.13.201;составные элементы;;
4.13.202;составные элементы;;
4.13.301;составные элементы;;
4.13.302;составные элементы;;
4.15.101;составные элементы;;
4.15.102;составные элементы;;
4.15.201;составные элементы;;
4.15.202;составные элементы;;
4.15.301;составные элементы;;
4.15.302;составные элементы;;
4.16.001;составные элементы;;
4.16.002;составные элементы;;
4.16.002;составные элементы;;
4.16.002;составные элементы;;
4.16.003;составные элементы;;
4.16.004;составные элементы;;
4.16.004;составные элементы;;
4.16.004;составные элементы;;
4.16.005;составные элементы;;
4.16.101;составные элементы;;
4.16.102;составные элементы;;
4.16.201;составные элементы;;
4.16.202;составные элементы;;
4.16.301;составные элементы;;
4.17.001;составные элементы;;
4.17.002;составные элементы;;
4.17.101;составные элементы;;
4.17.201;составные элементы;;
4.17.202;составные элементы;;
4.17.301;составные элементы;;
4.17.302;составные элементы;;
4.20.101;пилястры;;
4.20.102;пилястры;;
4.20.103;пилястры;;
4.20.104;пилястры;;
4.20.201;пилястры;;
4.20.202;пилястры;;
4.20.203;пилястры;;
4.20.204;пилястры;;
4.20.301;пилястры;;
4.20.302;пилястры;;
4.20.303;пилястры;;
4.20.304;пилястры;;
4.20.305;пилястры;;
4.20.306;пилястры;;
4.21.101;составные элементы;;
4.21.201;составные элементы;;
4.21.301;составные элементы;;
4.22.101;составные элементы;;
4.22.102;составные элементы;;
4.22.201;составные элементы;;
4.22.202;составные элементы;;
4.22.301;составные элементы;;
4.22.302;составные элементы;;
4.23.101;составные элементы;;
4.23.201;составные элементы;;
4.23.301;составные элементы;;
4.30.101;колонны;;
4.30.102;колонны;;
4.30.103;колонны;;
4.30.104;колонны;;
4.30.201;колонны;;
4.30.202;колонны;;
4.30.204;колонны;;
4.30.205;колонны;;
4.30.206;колонны;;
4.30.301;колонны;;
4.30.304;колонны;;
4.30.306;колонны;;
4.30.307;колонны;;
4.31.101;карнизы;;
4.31.111;дополнительные элементы;;
4.31.121;дополнительные элементы;;
4.31.131;дополнительные элементы;;
4.31.201;карнизы;;
4.31.202;карнизы;;
4.31.211;дополнительные элементы;;
4.31.212;дополнительные элементы;;
4.31.221;дополнительные элементы;;
4.31.222;дополнительные элементы;;
4.31.231;дополнительные элементы;;
4.31.232;дополнительные элементы;;
4.31.301;карнизы;;
4.31.302;карнизы;;
4.31.311;дополнительные элементы;;
4.31.312;дополнительные элементы;;
4.31.321;дополнительные элементы;;
4.31.322;дополнительные элементы;;
4.31.331;дополнительные элементы;;
4.31.332;дополнительные элементы;;
4.32.101;карнизы;;
4.32.111;дополнительные элементы;;
4.32.121;дополнительные элементы;;
4.32.131;дополнительные элементы;;
4.32.201;карнизы;;
4.32.202;карнизы;;
4.32.211;дополнительные элементы;;
4.32.212;дополнительные элементы;;
4.32.221;дополнительные элементы;;
4.32.222;дополнительные элементы;;
4.32.231;дополнительные элементы;;
4.32.232;дополнительные элементы;;
4.32.301;карнизы;;
4.32.302;карнизы;;
4.32.311;дополнительные элементы;;
4.32.312;дополнительные элементы;;
4.32.321;дополнительные элементы;;
4.32.322;дополнительные элементы;;
4.32.331;дополнительные элементы;;
4.32.332;дополнительные элементы;;
4.33.101;фризы;;
4.33.102;фризы;;
4.33.131;дополнительные элементы;;
4.33.132;дополнительные элементы;;
4.33.201;фризы;;
4.33.202;фризы;;
4.33.231;дополнительные элементы;;
4.33.232;дополнительные элементы;;
4.33.301;фризы;;
4.33.302;фризы;;
4.33.331;дополнительные элементы;;
4.33.332;дополнительные элементы;;
4.34.101;архитравы;;
4.34.102;архитравы;;
4.34.131;дополнительные элементы;;
4.34.132;дополнительные элементы;;
4.34.201;архитравы;;
4.34.202;архитравы;;
4.34.231;дополнительные элементы;;
4.34.232;дополнительные элементы;;
4.34.301;архитравы;;
4.34.302;архитравы;;
4.34.331;дополнительные элементы;;
4.34.332;дополнительные элементы;;
4.35.101;накладные элементы;;
4.35.102;накладные элементы;;
4.36.101;накладные элементы;;
4.37.101;накладные элементы;;
4.38.301;накладные элементы;;
4.38.302;накладные элементы;;
4.41.101;составные элементы;;
4.41.201;составные элементы;;
4.41.301;составные элементы;;
4.42.101;составные элементы;;
4.42.201;составные элементы;;
4.42.301;составные элементы;;
4.43.101;составные элементы;;
4.43.201;составные элементы;;
4.43.202;составные элементы;;
4.43.301;составные элементы;;
4.43.302;составные элементы;;
4.45.101;составные элементы;;
4.45.201;составные элементы;;
4.45.301;составные элементы;;
4.46.101;составные элементы;;
4.46.201;составные элементы;;
4.46.301;составные элементы;;
4.47.101;составные элементы;;
4.47.201;составные элементы;;
4.47.202;составные элементы;;
4.47.301;составные элементы;;
4.47.302;составные элементы;;
4.51.101;составные элементы;;
4.51.201;составные элементы;;
4.51.301;составные элементы;;
4.52.101;составные элементы;;
4.52.102;составные элементы;;
4.52.201;составные элементы;;
4.52.202;составные элементы;;
4.52.301;составные элементы;;
4.52.302;составные элементы;;
4.53.101;составные элементы;;
4.53.201;составные элементы;;
4.53.301;составные элементы;;
4.53.302;составные элементы;;
4.70.101;комплекты балюстрад;;
4.70.102;комплекты балюстрад;;
4.70.103;комплекты балюстрад;;
4.70.111;комплекты балюстрад;;
4.70.112;комплекты балюстрад;;
4.70.201;комплекты балюстрад;;
4.70.202;комплекты балюстрад;;
4.70.203;комплекты балюстрад;;
4.70.211;комплекты балюстрад;;
4.70.212;комплекты балюстрад;;
4.71.101;балясины;;
4.71.111;балясины;;
4.71.201;балясины;;
4.71.211;балясины;;
4.72.101;поручни;;
4.72.111;поручни;;
4.72.201;поручни;;
4.72.211;поручни;;
4.73.101;крышки столба;;
4.73.111;крышки столба;;
4.73.201;крышки столба;;
4.73.211;крышки столба;;
4.74.101;основания;;
4.74.111;основания;;
4.74.201;основания;;
4.74.211;основания;;
4.75.101;столбы;;
4.75.111;столбы;;
4.75.201;столбы;;
4.75.211;столбы;;
4.76.101;крышки столба;;
4.76.111;крышки столба;;
4.76.201;крышки столба;;
4.76.211;крышки столба;;
4.77.101;крышки столба;;
4.77.201;крышки столба;;
4.78.101;дополнительные элементы;;
4.79.101;дополнительные элементы;;
4.81.001;карнизы;;
4.81.002;карнизы;;
4.81.011;дополнительные элементы;;
4.81.012;дополнительные элементы;;
4.81.021;дополнительные элементы;;
4.81.022;дополнительные элементы;;
4.81.031;дополнительные элементы;;
4.81.032;дополнительные элементы;;
4.82.001;подоконные элементы;;
4.82.002;подоконные элементы;;
4.82.003;подоконные элементы;;
4.82.031;дополнительные элементы;;
4.82.032;дополнительные элементы;;
4.82.033;дополнительные элементы;;
4.82.101;подоконные элементы;;
4.82.131;дополнительные элементы;;
4.82.201;подоконные элементы;;
4.82.202;подоконные элементы;;
4.82.231;дополнительные элементы;;
4.82.232;дополнительные элементы;;
4.82.301;подоконные элементы;;
4.82.302;подоконные элементы;;
4.82.331;дополнительные элементы;;
4.82.332;дополнительные элементы;;
4.83.002;кронштейны-пьедесталы;;
4.83.003;кронштейны-пьедесталы;;
4.83.101;кронштейны-пьедесталы;;
4.83.102;кронштейны-пьедесталы;;
4.83.201;кронштейны-пьедесталы;;
4.83.202;кронштейны-пьедесталы;;
4.83.301;кронштейны-пьедесталы;;
4.83.302;кронштейны-пьедесталы;;
4.84.001;наличники;;
4.84.002;наличники;;
4.84.003;наличники;;
4.84.004;наличники;;
4.84.005;наличники;;
4.84.006;наличники;;
4.84.051;наличники;;
4.84.052;наличники;;
4.84.053;наличники;;
4.85.001;замковые камни;;
4.85.002;замковые камни;;
4.85.003;замковые камни;;
4.85.004;замковые камни;;
4.85.005;замковые камни;;
4.86.001;русты;;
4.86.002;русты;;
4.86.003;русты;;
4.86.004;русты;;
4.86.005;русты;;
4.87.031;арочные обрамления;;
4.87.031;гибкие аналоги арочные;;
4.87.032;арочные обрамления;;
4.87.032;гибкие аналоги арочные;;
4.87.033;арочные обрамления;;
4.87.033;гибкие аналоги арочные;;
4.88.001;откосы;;
4.89.001;сандрики;;
4.91.001;карнизы;;
4.91.002;карнизы;;
4.91.003;карнизы;;
4.91.004;карнизы;;
4.91.005;карнизы;;
4.99.001;орнаменты;;
4.99.002;орнаменты;;
6.50.101;карнизы;;
6.50.103;карнизы;;
6.50.105;карнизы;;
6.50.108;карнизы;;
6.50.113;карнизы;;
6.50.115;карнизы;;
6.50.130;карнизы;;
6.50.154;карнизы;;
6.50.155;карнизы;;
6.50.157;карнизы;;
6.50.160;карнизы;;
6.50.165;карнизы;;
6.50.171;карнизы;;
6.50.172;карнизы;;
6.50.174;карнизы;;
6.50.229;карнизы;;
6.50.230;карнизы;;
6.50.238;карнизы;;
6.50.239;карнизы;;
6.50.240;карнизы;;
6.50.241;карнизы;;
6.50.242;карнизы;;
6.50.243;карнизы;;
6.50.244;карнизы;;
6.50.245;карнизы;;
6.50.246;карнизы;;
6.50.247;карнизы;;
6.50.248;карнизы;;
6.50.297;карнизы;;
6.50.298;карнизы;;
6.50.299;карнизы;;
6.50.701;карнизы;+;1127
6.50.702;карнизы;+;722
6.50.703;карнизы;+;576
6.50.704;карнизы;+;177
6.50.705;карнизы;+;183
6.50.706;карнизы;+;461
6.50.708;карнизы;+;375
6.50.709;карнизы;+;814
6.50.711;карнизы;;
6.50.712;карнизы;;
6.50.713;карнизы;;
6.50.714;карнизы;;
6.50.715;карнизы;;
6.50.716;карнизы;;
6.50.719;карнизы;+;152
6.50.801;карнизы;;
6.50.802;карнизы;;
6.50.803;карнизы;;
6.50.804;карнизы;;
6.51.301;молдинги;;
6.51.302;молдинги;;
6.51.307;молдинги;;
6.51.308;молдинги;;
6.51.321;молдинги;;
6.51.322;молдинги;;
6.51.323;молдинги;;
6.51.345;молдинги;;
6.51.362;молдинги;;
6.51.363;молдинги;;
6.51.384;молдинги;;
6.51.385;молдинги;;
6.51.386;молдинги;;
6.51.389;молдинги;;
6.51.390;молдинги;;
6.51.391;молдинги;;
6.51.392;молдинги;;
6.51.400;молдинги;;
6.51.702;молдинги;;
6.51.703;молдинги;;
6.51.704;молдинги;+;268
6.51.705;молдинги;+;171
6.51.706;молдинги;+;327
6.51.707;молдинги;+;733
6.51.708;молдинги;+;581
6.51.710;карнизы;;
6.51.710;молдинги;;
6.51.801;молдинги;;
6.51.802;молдинги;;
6.51.808;молдинги;;
6.51.809;молдинги;;
6.51.810;молдинги;;
6.51.812;молдинги;;
6.51.813;молдинги;;
6.51.814;молдинги;;
6.51.815;молдинги;;
6.51.816;молдинги;;
6.53.101;плинтусы;;
6.53.102;плинтусы;;
6.53.103;плинтусы;;
6.53.104;плинтусы;;
6.53.105;плинтусы;;
6.53.106;плинтусы;;
6.53.107;плинтусы;;
6.53.108;плинтусы;;
6.53.109;плинтусы;;
6.53.110;плинтусы;;
6.53.112;плинтусы;;
6.53.113;плинтусы;;
6.53.114;плинтусы;;
6.53.115;плинтусы;;
6.53.116;плинтусы;;
6.53.117;плинтусы;;
6.53.118;плинтусы;;
6.53.701;карнизы;;
6.53.701;плинтусы;;
6.53.702;карнизы;+;243
6.53.702;плинтусы;+;243
6.53.703;карнизы;+;729
6.53.703;плинтусы;+;729
6.53.704;карнизы;+;864
6.53.704;плинтусы;+;864
6.53.705;карнизы;;
6.53.705;плинтусы;;
6.53.801;плинтусы;;
6.53.802;плинтусы;;
6.53.803;плинтусы;;
6.53.804;плинтусы;;
6.53.805;плинтусы;;
6.53.806;плинтусы;;
6.59.801;декоративные панели;;
6.59.801-280;декоративные панели;;
6.59.802;декоративные панели;;
6.59.802-280;декоративные панели;;
6.59.803;декоративные панели;;
6.59.803-280;декоративные панели;;
6.59.804;декоративные панели;;
6.59.804-280;декоративные панели;;
6.59.806;декоративные панели;;
6.59.806-280;декоративные панели;;
E01.M.290;клей;;
E02.S.290;клей;;
E03.S.60;клей;;
E04.U.290;клей;;
E12.S.290;клей;;
E13.S.60;клей;;
E13old.S.60;клей;;
EB05.M.290;клей;;
EB06.S.80;клей;;
k-es80;клей;;
m_comp_b101;монтажный комплект;;
m_comp_b201;монтажный комплект;;
