IE_XML_ID;IE_NAME;IP_PROP142;IP_PROP157;IP_PROP409;IP_PROP410;IP_PROP411;IP_PROP412;IP_PROP413;IP_PROP414;IP_PROP544;IP_PROP545;IP_PROP546;IP_PROP547;IP_PROP408;IP_PROP618
4774;карниз 1.50.114;1.50.114;N;Y;N;Y;N;N;N;N;N;N;N;N;Y
4775;карниз 1.50.115;1.50.115;N;N;Y;N;N;Y;N;N;N;N;N;N;N
4776;карниз 1.50.116;1.50.116;N;Y;N;Y;N;N;N;N;N;N;N;N;Y
4777;карниз 1.50.117;1.50.117;N;N;Y;N;N;Y;N;N;Y;N;N;N;N
4778;карниз 1.50.118;1.50.118;N;Y;N;N;N;Y;N;Y;N;N;N;N;Y
4779;карниз 1.50.119;1.50.119;N;Y;N;N;N;Y;N;N;N;N;N;N;Y
4780;карниз 1.50.120;1.50.120;N;Y;N;Y;Y;N;N;N;N;N;N;N;N
4781;карниз 1.50.121;1.50.121;N;N;Y;N;N;Y;N;N;N;Y;N;N;Y
4782;карниз 1.50.122;1.50.122;N;N;Y;N;N;N;N;N;N;Y;N;N;Y
4783;карниз 1.50.100;1.50.100;N;N;Y;N;N;Y;N;Y;N;N;N;N;Y
4784;карниз 1.50.102;1.50.102;N;N;Y;N;N;Y;N;N;N;Y;N;N;N
4785;карниз 1.50.103;1.50.103;N;N;Y;N;N;N;N;N;N;Y;N;N;Y
4786;карниз 1.50.104;1.50.104;N;Y;N;Y;N;N;N;Y;N;N;N;N;Y
4787;карниз 1.50.105;1.50.105;N;N;Y;N;N;Y;N;N;N;Y;N;N;Y
4788;карниз 1.50.106;1.50.106;N;N;Y;N;N;N;N;Y;Y;N;N;N;Y
4789;карниз 1.50.107;1.50.107;N;Y;N;N;N;Y;N;N;N;Y;N;N;N
4790;карниз 1.50.109;1.50.109;N;Y;N;N;N;N;Y;Y;N;N;N;N;N
4791;карниз 1.50.110;1.50.110;N;Y;N;N;N;N;N;Y;N;N;N;N;N
4792;карниз 1.50.111;1.50.111;N;Y;N;N;N;N;Y;Y;N;N;N;N;N
4793;карниз 1.50.112;1.50.112;N;Y;N;Y;N;Y;N;N;N;N;N;N;Y
4794;карниз 1.50.113;1.50.113;N;N;Y;N;N;Y;N;Y;N;N;N;N;N
4795;карниз 1.50.123;1.50.123;N;N;Y;N;N;Y;N;N;N;Y;N;N;N
4796;карниз 1.50.124;1.50.124;N;Y;N;Y;Y;N;N;N;N;N;N;N;Y
4797;карниз 1.50.125;1.50.125;N;Y;N;Y;Y;N;N;N;N;N;N;N;Y
4798;карниз 1.50.126;1.50.126;N;N;Y;N;N;N;N;Y;Y;N;Y;N;Y
4799;карниз 1.50.127;1.50.127;N;Y;N;N;N;Y;N;Y;N;N;N;N;Y
4800;карниз 1.50.128;1.50.128;N;Y;N;N;Y;N;N;N;N;N;N;N;Y
4801;карниз 1.50.129;1.50.129;N;N;Y;N;N;Y;Y;N;N;N;N;N;Y
4802;карниз 1.50.130;1.50.130;N;N;Y;N;N;N;Y;Y;N;N;N;N;N
4803;карниз 1.50.131;1.50.131;N;N;Y;N;N;N;N;Y;Y;N;Y;N;Y
4804;карниз 1.50.132;1.50.132;N;N;Y;N;N;Y;Y;N;N;N;N;N;Y
4805;карниз 1.50.133;1.50.133;N;N;Y;N;N;N;Y;Y;N;N;N;N;Y
4806;карниз 1.50.134;1.50.134;N;N;Y;N;N;Y;Y;N;Y;N;N;N;N
4807;карниз 1.50.135;1.50.135;N;N;Y;N;N;N;N;N;Y;N;Y;N;Y
4808;карниз 1.50.136;1.50.136;N;Y;N;Y;Y;N;N;N;N;N;N;N;N
4809;карниз 1.50.137;1.50.137;N;Y;N;Y;Y;N;N;N;N;N;N;N;N
4810;карниз 1.50.138;1.50.138;N;Y;N;Y;Y;N;N;N;N;N;N;N;N
4811;карниз 1.50.139;1.50.139;N;N;Y;N;N;N;Y;Y;N;N;N;N;N
4812;карниз 1.50.140;1.50.140;N;N;Y;N;N;N;Y;Y;Y;N;N;N;Y
4813;карниз 1.50.141;1.50.141;N;N;Y;N;N;Y;N;Y;N;N;N;N;N
4814;карниз 1.50.142;1.50.142;N;N;Y;N;N;N;Y;N;Y;N;Y;N;Y
4815;карниз 1.50.143;1.50.143;N;N;Y;N;N;Y;N;N;N;Y;N;N;Y
4816;карниз 1.50.144;1.50.144;N;N;Y;N;N;N;N;N;N;Y;N;N;Y
4817;карниз 1.50.145;1.50.145;N;N;Y;N;N;N;Y;N;Y;N;N;N;N
4818;карниз 1.50.146;1.50.146;N;N;Y;N;N;Y;N;Y;N;N;N;N;Y
4819;карниз 1.50.147;1.50.147;N;N;Y;N;N;N;N;N;Y;N;Y;N;Y
4820;карниз 1.50.148;1.50.148;N;N;Y;N;N;Y;Y;N;N;N;N;N;N
4822;карниз 1.50.150;1.50.150;N;N;Y;N;N;N;N;N;N;Y;N;N;Y
4823;карниз 1.50.151;1.50.151;N;Y;N;Y;N;N;N;N;N;N;N;N;N
4824;карниз 1.50.152;1.50.152;N;Y;N;Y;N;N;N;N;N;N;N;N;N
4825;карниз 1.50.153;1.50.153;N;Y;N;Y;N;N;N;Y;N;N;N;N;N
4826;карниз 1.50.154;1.50.154;N;N;Y;N;N;Y;N;N;N;Y;N;N;Y
4827;карниз 1.50.155;1.50.155;N;N;Y;N;N;Y;N;N;N;Y;N;N;Y
4828;карниз 1.50.156;1.50.156;N;N;Y;N;N;N;N;N;N;N;Y;N;N
4829;карниз 1.50.157;1.50.157;N;N;Y;N;N;Y;N;N;N;N;N;N;Y
4830;карниз 1.50.158;1.50.158;N;N;Y;N;N;N;Y;N;N;N;N;N;N
4831;карниз 1.50.159;1.50.159;N;N;Y;N;N;Y;N;N;N;N;N;N;Y
4832;карниз 1.50.160;1.50.160;N;N;Y;N;N;N;N;Y;N;N;N;N;Y
4833;карниз 1.50.162;1.50.162;N;Y;N;Y;Y;N;N;N;N;N;N;N;N
4834;карниз 1.50.163;1.50.163;N;Y;N;Y;N;N;N;N;N;N;N;N;Y
4835;карниз 1.50.164;1.50.164;N;Y;N;Y;N;N;N;N;N;N;N;N;N
4836;карниз 1.50.165;1.50.165;N;N;Y;N;N;N;N;Y;Y;N;Y;N;Y
4837;карниз 1.50.166;1.50.166;N;Y;N;Y;N;N;N;N;N;N;N;N;Y
4838;карниз 1.50.167;1.50.167;N;Y;N;N;Y;N;N;N;N;N;N;N;N
4839;карниз 1.50.168;1.50.168;N;N;Y;N;N;N;Y;N;N;N;N;N;Y
4840;карниз 1.50.169;1.50.169;N;Y;N;Y;N;N;N;N;N;N;N;N;N
4841;карниз 1.50.170;1.50.170;N;N;Y;N;N;N;N;N;Y;N;Y;N;Y
4842;карниз 1.50.171;1.50.171;N;N;Y;N;N;Y;N;N;N;N;N;N;Y
4843;карниз 1.50.172;1.50.172;N;N;Y;N;N;N;N;N;N;Y;N;N;Y
4844;карниз 1.50.173;1.50.173;N;N;Y;N;N;N;N;N;N;Y;N;N;Y
4845;карниз 1.50.174;1.50.174;N;N;Y;N;N;Y;N;N;N;N;N;N;Y
4846;карниз 1.50.175;1.50.175;N;Y;N;N;N;N;N;Y;N;N;N;N;Y
4847;карниз 1.50.176;1.50.176;N;Y;N;N;N;N;N;N;Y;N;N;N;Y
4848;карниз 1.50.177;1.50.177;N;N;Y;N;N;N;Y;N;N;N;N;N;Y
4849;карниз 1.50.180;1.50.180;N;N;Y;N;N;N;Y;N;Y;N;N;N;Y
4850;карниз 1.50.181;1.50.181;N;Y;N;Y;N;N;N;N;N;N;N;N;N
4851;карниз 1.50.182;1.50.182;N;Y;N;Y;Y;N;N;N;N;N;N;N;Y
4852;карниз 1.50.183;1.50.183;N;Y;N;Y;Y;N;N;N;N;N;N;N;N
4853;карниз 1.50.184;1.50.184;N;Y;N;Y;N;N;N;N;N;N;N;N;N
4854;карниз 1.50.185;1.50.185;N;Y;N;Y;N;N;N;N;N;N;N;N;N
4855;карниз 1.50.186;1.50.186;N;Y;N;Y;N;N;N;N;N;N;N;N;N
4856;карниз 1.50.187;1.50.187;N;Y;N;Y;N;N;N;N;N;N;N;N;Y
4857;карниз 1.50.188;1.50.188;N;Y;N;Y;N;N;N;N;N;N;N;N;N
4858;карниз 1.50.190;1.50.190;N;Y;N;N;N;N;N;N;N;Y;N;N;Y
4859;карниз 1.50.191;1.50.191;N;Y;N;N;N;N;N;N;N;Y;N;N;Y
4860;карниз 1.50.192;1.50.192;N;Y;N;N;N;Y;N;N;N;N;N;N;Y
4861;карниз 1.50.193;1.50.193;N;Y;N;N;N;Y;N;Y;N;N;N;N;Y
4862;карниз 1.50.194;1.50.194;N;Y;N;N;N;Y;N;N;N;N;N;N;N
4863;карниз 1.50.195;1.50.195;N;Y;N;Y;N;N;N;N;N;N;N;N;N
4864;карниз 1.50.196;1.50.196;N;Y;N;N;N;N;N;Y;N;N;N;N;Y
4865;карниз 1.50.197;1.50.197;N;Y;N;Y;N;N;N;N;N;N;N;N;N
4866;карниз 1.50.198;1.50.198;N;Y;N;Y;N;N;N;N;N;N;N;N;N
4867;карниз 1.50.200;1.50.200;N;Y;N;N;N;Y;N;N;N;N;N;N;N
4868;карниз 1.50.201;1.50.201;N;Y;N;Y;Y;N;N;N;N;N;N;N;N
4870;карниз 1.50.203;1.50.203;N;Y;N;N;N;Y;N;N;N;N;N;N;N
4871;карниз 1.50.204;1.50.204;N;Y;N;N;N;Y;N;N;N;N;N;N;N
4872;карниз 1.50.208;1.50.208;N;Y;N;N;N;Y;N;N;N;N;N;Y;Y
4873;карниз 1.50.209;1.50.209;N;N;Y;N;N;Y;N;N;N;N;N;Y;Y
4874;карниз 1.50.210;1.50.210;N;Y;N;N;N;Y;N;Y;N;N;N;Y;N
4875;карниз 1.50.211;1.50.211;N;N;Y;N;N;N;N;N;Y;N;N;Y;N
4876;карниз 1.50.212;1.50.212;N;N;Y;N;N;N;N;N;Y;N;Y;Y;Y
4877;карниз 1.50.220;1.50.220;N;N;Y;N;N;N;N;Y;Y;N;N;Y;Y
4878;карниз 1.50.221;1.50.221;N;N;Y;N;N;Y;Y;N;N;N;N;Y;Y
4879;карниз 1.50.222;1.50.222;N;N;Y;N;N;N;Y;Y;N;N;N;Y;Y
4880;карниз 1.50.250;1.50.250;N;Y;N;N;N;N;Y;Y;N;N;N;N;Y
4881;карниз 1.50.251;1.50.251;N;Y;N;Y;N;N;N;N;N;N;N;N;Y
4882;карниз 1.50.252;1.50.252;N;Y;N;Y;N;N;N;N;N;N;N;N;Y
4883;карниз 1.50.253;1.50.253;N;Y;N;Y;N;N;N;N;N;N;N;N;Y
4884;карниз 1.50.254;1.50.254;N;N;Y;N;N;Y;Y;N;N;N;N;N;N
4885;карниз 1.50.255;1.50.255;N;Y;N;Y;N;N;N;N;N;N;N;N;N
4886;карниз 1.50.256;1.50.256;N;Y;N;N;N;Y;N;N;N;N;N;N;N
4887;карниз 1.50.257;1.50.257;N;N;Y;N;N;Y;N;Y;N;N;N;N;N
4888;карниз 1.50.258;1.50.258;N;N;Y;N;N;N;N;Y;N;N;N;N;N
4889;карниз 1.50.259;1.50.259;N;Y;N;Y;N;N;N;N;N;N;N;N;N
4890;карниз 1.50.260;1.50.260;N;N;Y;N;N;N;Y;N;Y;N;N;N;N
4891;карниз 1.50.261;1.50.261;N;N;Y;N;N;Y;N;N;N;N;N;Y;Y
4892;карниз 1.50.262;1.50.262;N;N;Y;N;N;N;Y;N;Y;N;N;N;Y
4893;карниз 1.50.264;1.50.264;N;N;Y;N;N;N;N;N;Y;Y;N;N;N
4894;карниз 1.50.265;1.50.265;N;N;Y;Y;N;N;N;N;N;N;N;N;N
4895;карниз 1.50.266;1.50.266;N;N;Y;N;N;N;N;Y;Y;N;Y;N;N
4896;карниз 1.50.267;1.50.267;N;Y;N;N;N;N;Y;N;Y;N;N;N;N
4897;карниз 1.50.268;1.50.268;N;Y;N;N;N;Y;N;N;N;N;N;N;N
4898;карниз 1.50.269;1.50.269;N;N;Y;N;N;N;Y;Y;Y;N;N;N;N
4899;карниз 1.50.270;1.50.270;N;N;Y;N;N;N;N;Y;Y;N;N;N;N
4900;карниз 1.50.271;1.50.271;N;N;Y;N;N;N;N;Y;Y;N;N;N;Y
4901;карниз 1.50.273;1.50.273;N;N;Y;N;N;Y;N;N;N;Y;N;N;Y
4902;карниз 1.50.114 гибкий;1.50.114;Y;Y;N;Y;N;N;N;N;N;N;N;N;Y
4903;карниз 1.50.115 гибкий;1.50.115;Y;N;Y;N;N;Y;N;N;N;N;N;N;N
4904;карниз 1.50.116 гибкий;1.50.116;Y;Y;N;Y;N;N;N;N;N;N;N;N;Y
4905;карниз 1.50.117 гибкий;1.50.117;Y;N;Y;N;N;Y;N;N;Y;N;N;N;N
4906;карниз 1.50.118 гибкий;1.50.118;Y;Y;N;N;N;Y;N;Y;N;N;N;N;Y
4907;карниз 1.50.119 гибкий;1.50.119;Y;Y;N;N;N;Y;N;N;N;N;N;N;Y
4908;карниз 1.50.120 гибкий;1.50.120;Y;Y;N;Y;Y;N;N;N;N;N;N;N;N
4909;карниз 1.50.121 гибкий;1.50.121;Y;N;Y;N;N;Y;N;N;N;Y;N;N;Y
4910;карниз 1.50.122 гибкий;1.50.122;Y;N;Y;N;N;N;N;N;N;Y;N;N;Y
4911;карниз 1.50.100 гибкий;1.50.100;Y;N;Y;N;N;Y;N;Y;N;N;N;N;Y
4912;карниз 1.50.102 гибкий;1.50.102;Y;N;Y;N;N;Y;N;N;N;Y;N;N;N
4913;карниз 1.50.103 гибкий;1.50.103;Y;N;Y;N;N;N;N;N;N;Y;N;N;Y
4914;карниз 1.50.104 гибкий;1.50.104;Y;Y;N;Y;N;N;N;Y;N;N;N;N;Y
4915;карниз 1.50.105 гибкий;1.50.105;Y;N;Y;N;N;Y;N;N;N;Y;N;N;Y
4916;карниз 1.50.106 гибкий;1.50.106;Y;N;Y;N;N;N;N;Y;Y;N;N;N;Y
4917;карниз 1.50.107 гибкий;1.50.107;Y;Y;N;N;N;Y;N;N;N;Y;N;N;N
4918;карниз 1.50.109 гибкий;1.50.109;Y;Y;N;N;N;N;Y;Y;N;N;N;N;N
4919;карниз 1.50.110 гибкий;1.50.110;Y;Y;N;N;N;N;N;Y;N;N;N;N;N
4920;карниз 1.50.111 гибкий;1.50.111;Y;Y;N;N;N;N;Y;Y;N;N;N;N;N
4921;карниз 1.50.112 гибкий;1.50.112;Y;Y;N;Y;N;Y;N;N;N;N;N;N;Y
4922;карниз 1.50.113 гибкий;1.50.113;Y;N;Y;N;N;Y;N;Y;N;N;N;N;N
4923;карниз 1.50.123 гибкий;1.50.123;Y;N;Y;N;N;Y;N;N;N;Y;N;N;N
4924;карниз 1.50.124 гибкий;1.50.124;Y;Y;N;Y;Y;N;N;N;N;N;N;N;Y
4925;карниз 1.50.125 гибкий;1.50.125;Y;Y;N;Y;Y;N;N;N;N;N;N;N;Y
4926;карниз 1.50.126 гибкий;1.50.126;Y;N;Y;N;N;N;N;Y;Y;N;Y;N;Y
4927;карниз 1.50.127 гибкий;1.50.127;Y;Y;N;N;N;Y;N;Y;N;N;N;N;Y
4928;карниз 1.50.128 гибкий;1.50.128;Y;Y;N;N;Y;N;N;N;N;N;N;N;Y
4929;карниз 1.50.129 гибкий;1.50.129;Y;N;Y;N;N;Y;Y;N;N;N;N;N;Y
4930;карниз 1.50.130 гибкий;1.50.130;Y;N;Y;N;N;N;Y;Y;N;N;N;N;N
4931;карниз 1.50.131 гибкий;1.50.131;Y;N;Y;N;N;N;N;Y;Y;N;Y;N;Y
4932;карниз 1.50.132 гибкий;1.50.132;Y;N;Y;N;N;Y;Y;N;N;N;N;N;Y
4933;карниз 1.50.133 гибкий;1.50.133;Y;N;Y;N;N;N;Y;Y;N;N;N;N;Y
4934;карниз 1.50.134 гибкий;1.50.134;Y;N;Y;N;N;Y;Y;N;Y;N;N;N;N
4935;карниз 1.50.135 гибкий;1.50.135;Y;N;Y;N;N;N;N;N;Y;N;Y;N;Y
4936;карниз 1.50.136 гибкий;1.50.136;Y;Y;N;Y;Y;N;N;N;N;N;N;N;N
4937;карниз 1.50.137 гибкий;1.50.137;Y;Y;N;Y;Y;N;N;N;N;N;N;N;N
4938;карниз 1.50.138 гибкий;1.50.138;Y;Y;N;Y;Y;N;N;N;N;N;N;N;N
4939;карниз 1.50.139 гибкий;1.50.139;Y;N;Y;N;N;N;Y;Y;N;N;N;N;N
4940;карниз 1.50.140 гибкий;1.50.140;Y;N;Y;N;N;N;Y;Y;Y;N;N;N;Y
4941;карниз 1.50.141 гибкий;1.50.141;Y;N;Y;N;N;Y;N;Y;N;N;N;N;N
4942;карниз 1.50.142 гибкий;1.50.142;Y;N;Y;N;N;N;Y;N;Y;N;Y;N;Y
4943;карниз 1.50.143 гибкий;1.50.143;Y;N;Y;N;N;Y;N;N;N;Y;N;N;Y
4944;карниз 1.50.144 гибкий;1.50.144;Y;N;Y;N;N;N;N;N;N;Y;N;N;Y
4945;карниз 1.50.145 гибкий;1.50.145;Y;N;Y;N;N;N;Y;N;Y;N;N;N;N
4946;карниз 1.50.146 гибкий;1.50.146;Y;N;Y;N;N;Y;N;Y;N;N;N;N;Y
4947;карниз 1.50.147 гибкий;1.50.147;Y;N;Y;N;N;N;N;N;Y;N;Y;N;Y
4948;карниз 1.50.148 гибкий;1.50.148;Y;N;Y;N;N;Y;Y;N;N;N;N;N;N
4950;карниз 1.50.150 гибкий;1.50.150;Y;N;Y;N;N;N;N;N;N;Y;N;N;Y
4951;карниз 1.50.151 гибкий;1.50.151;Y;Y;N;Y;N;N;N;N;N;N;N;N;N
4952;карниз 1.50.152 гибкий;1.50.152;Y;Y;N;Y;N;N;N;N;N;N;N;N;N
4953;карниз 1.50.153 гибкий;1.50.153;Y;Y;N;Y;N;N;N;Y;N;N;N;N;N
4954;карниз 1.50.154 гибкий;1.50.154;Y;N;Y;N;N;Y;N;N;N;Y;N;N;Y
4955;карниз 1.50.155 гибкий;1.50.155;Y;N;Y;N;N;Y;N;N;N;Y;N;N;Y
4956;карниз 1.50.156 гибкий;1.50.156;Y;N;Y;N;N;N;N;N;N;N;Y;N;N
4957;карниз 1.50.157 гибкий;1.50.157;Y;N;Y;N;N;Y;N;N;N;N;N;N;Y
4958;карниз 1.50.158 гибкий;1.50.158;Y;N;Y;N;N;N;Y;N;N;N;N;N;N
4959;карниз 1.50.159 гибкий;1.50.159;Y;N;Y;N;N;Y;N;N;N;N;N;N;Y
4960;карниз 1.50.160 гибкий;1.50.160;Y;N;Y;N;N;N;N;Y;N;N;N;N;Y
4961;карниз 1.50.162 гибкий;1.50.162;Y;Y;N;Y;Y;N;N;N;N;N;N;N;N
4962;карниз 1.50.163 гибкий;1.50.163;Y;Y;N;Y;N;N;N;N;N;N;N;N;Y
4963;карниз 1.50.164 гибкий;1.50.164;Y;Y;N;Y;N;N;N;N;N;N;N;N;N
4964;карниз 1.50.165 гибкий;1.50.165;Y;N;Y;N;N;N;N;Y;Y;N;Y;N;Y
4965;карниз 1.50.166 гибкий;1.50.166;Y;Y;N;Y;N;N;N;N;N;N;N;N;Y
4966;карниз 1.50.168 гибкий;1.50.168;Y;N;Y;N;N;N;Y;N;N;N;N;N;Y
4967;карниз 1.50.169 гибкий;1.50.169;Y;Y;N;Y;N;N;N;N;N;N;N;N;N
4968;карниз 1.50.170 гибкий;1.50.170;Y;N;Y;N;N;N;N;N;Y;N;Y;N;Y
4969;карниз 1.50.171 гибкий;1.50.171;Y;N;Y;N;N;Y;N;N;N;N;N;N;Y
4970;карниз 1.50.172 гибкий;1.50.172;Y;N;Y;N;N;N;N;N;N;Y;N;N;Y
4971;карниз 1.50.173 гибкий;1.50.173;Y;N;Y;N;N;N;N;N;N;Y;N;N;Y
4972;карниз 1.50.174 гибкий;1.50.174;Y;N;Y;N;N;Y;N;N;N;N;N;N;Y
4973;карниз 1.50.175 гибкий;1.50.175;Y;Y;N;N;N;N;N;Y;N;N;N;N;Y
4974;карниз 1.50.176 гибкий;1.50.176;Y;Y;N;N;N;N;N;N;Y;N;N;N;Y
4975;карниз 1.50.177 гибкий;1.50.177;Y;N;Y;N;N;N;Y;N;N;N;N;N;Y
4976;карниз 1.50.180 гибкий;1.50.180;Y;N;Y;N;N;N;Y;N;Y;N;N;N;Y
4977;карниз 1.50.181 гибкий;1.50.181;Y;Y;N;Y;N;N;N;N;N;N;N;N;N
4978;карниз 1.50.182 гибкий;1.50.182;Y;Y;N;Y;Y;N;N;N;N;N;N;N;Y
4979;карниз 1.50.183 гибкий;1.50.183;Y;Y;N;Y;Y;N;N;N;N;N;N;N;N
4980;карниз 1.50.184 гибкий;1.50.184;Y;Y;N;Y;N;N;N;N;N;N;N;N;N
4981;карниз 1.50.185 гибкий;1.50.185;Y;Y;N;Y;N;N;N;N;N;N;N;N;N
4982;карниз 1.50.186 гибкий;1.50.186;Y;Y;N;Y;N;N;N;N;N;N;N;N;N
4983;карниз 1.50.187 гибкий;1.50.187;Y;Y;N;Y;N;N;N;N;N;N;N;N;Y
4984;карниз 1.50.188 гибкий;1.50.188;Y;Y;N;Y;N;N;N;N;N;N;N;N;N
4985;карниз 1.50.190 гибкий;1.50.190;Y;Y;N;N;N;N;N;N;N;Y;N;N;Y
4986;карниз 1.50.191 гибкий;1.50.191;Y;Y;N;N;N;N;N;N;N;Y;N;N;Y
4987;карниз 1.50.192 гибкий;1.50.192;Y;Y;N;N;N;Y;N;N;N;N;N;N;Y
4988;карниз 1.50.193 гибкий;1.50.193;Y;Y;N;N;N;Y;N;Y;N;N;N;N;Y
4989;карниз 1.50.194 гибкий;1.50.194;Y;Y;N;N;N;Y;N;N;N;N;N;N;N
4990;карниз 1.50.195 гибкий;1.50.195;Y;Y;N;Y;N;N;N;N;N;N;N;N;N
4991;карниз 1.50.197 гибкий;1.50.197;Y;Y;N;Y;N;N;N;N;N;N;N;N;N
4992;карниз 1.50.200 гибкий;1.50.200;Y;Y;N;N;N;Y;N;N;N;N;N;N;N
4994;карниз 1.50.203 гибкий;1.50.203;Y;Y;N;N;N;Y;N;N;N;N;N;N;N
4995;карниз 1.50.209 гибкий;1.50.209;Y;N;Y;N;N;Y;N;N;N;N;N;Y;Y
4997;карниз 1.50.220 гибкий;1.50.220;Y;N;Y;N;N;N;N;Y;Y;N;N;Y;Y
4998;карниз 1.50.221 гибкий;1.50.221;Y;N;Y;N;N;Y;Y;N;N;N;N;Y;Y
4999;карниз 1.50.222 гибкий;1.50.222;Y;N;Y;N;N;N;Y;Y;N;N;N;Y;Y
5000;карниз 1.50.250 гибкий;1.50.250;Y;Y;N;N;N;N;Y;Y;N;N;N;N;Y
5001;карниз 1.50.251 гибкий;1.50.251;Y;Y;N;Y;N;N;N;N;N;N;N;N;Y
5002;карниз 1.50.252 гибкий;1.50.252;Y;Y;N;Y;N;N;N;N;N;N;N;N;Y
5003;карниз 1.50.253 гибкий;1.50.253;Y;Y;N;Y;N;N;N;N;N;N;N;N;Y
5004;карниз 1.50.254 гибкий;1.50.254;Y;N;Y;N;N;Y;Y;N;N;N;N;N;N
5005;карниз 1.50.255 гибкий;1.50.255;Y;Y;N;Y;N;N;N;N;N;N;N;N;N
5006;карниз 1.50.256 гибкий;1.50.256;Y;Y;N;N;N;Y;N;N;N;N;N;N;N
5007;карниз 1.50.257 гибкий;1.50.257;Y;N;Y;N;N;Y;N;Y;N;N;N;N;N
5008;карниз 1.50.258 гибкий;1.50.258;Y;N;Y;N;N;N;N;Y;N;N;N;N;N
5009;карниз 1.50.259 гибкий;1.50.259;Y;Y;N;Y;N;N;N;N;N;N;N;N;N
5010;карниз 1.50.260 гибкий;1.50.260;Y;N;Y;N;N;N;Y;N;Y;N;N;N;N
5011;карниз 1.50.261 гибкий;1.50.261;Y;N;Y;N;N;Y;N;N;N;N;N;Y;Y
5012;карниз 1.50.262 гибкий;1.50.262;Y;N;Y;N;N;N;Y;N;Y;N;N;N;Y
5013;карниз 1.50.264 гибкий;1.50.264;Y;N;Y;N;N;N;N;N;Y;Y;N;N;N
5014;карниз 1.50.265 гибкий;1.50.265;Y;N;Y;Y;N;N;N;N;N;N;N;N;N
5015;карниз 1.50.266 гибкий;1.50.266;Y;N;Y;N;N;N;N;Y;Y;N;Y;N;N
5016;карниз 1.50.267 гибкий;1.50.267;Y;Y;N;N;N;N;Y;N;Y;N;N;N;N
5017;карниз 1.50.268 гибкий;1.50.268;Y;Y;N;N;N;Y;N;N;N;N;N;N;N
5018;карниз 1.50.269 гибкий;1.50.269;Y;N;Y;N;N;N;Y;Y;Y;N;N;N;N
5019;карниз 1.50.270 гибкий;1.50.270;Y;N;Y;N;N;N;N;Y;Y;N;N;N;N
5020;молдинг 1.51.311;1.51.311;N;Y;N;N;N;N;N;Y;N;N;N;N;N
5021;молдинг 1.51.314;1.51.314;N;Y;N;Y;N;N;N;N;N;N;N;N;N
5022;молдинг 1.51.327;1.51.327;N;N;Y;N;N;N;Y;Y;N;N;N;N;N
5023;молдинг 1.51.301;1.51.301;N;N;Y;N;N;Y;N;N;N;N;N;N;N
5024;молдинг 1.51.305;1.51.305;N;N;Y;N;N;N;N;N;N;Y;N;N;N
5025;молдинг 1.51.321;1.51.321;N;N;Y;N;N;N;N;N;N;Y;N;N;N
5026;молдинг 1.51.400;1.51.400;N;N;Y;N;N;N;N;N;N;Y;N;N;N
5027;молдинг 1.51.302;1.51.302;N;N;Y;N;N;Y;N;N;N;Y;N;N;N
5028;молдинг 1.51.303;1.51.303;N;N;Y;N;N;Y;N;N;N;N;N;N;N
5029;молдинг 1.51.304;1.51.304;N;N;Y;N;N;Y;N;N;N;Y;N;N;N
5030;молдинг 1.51.306;1.51.306;N;N;Y;N;N;N;N;Y;Y;N;N;N;N
5031;молдинг 1.51.307;1.51.307;N;N;Y;N;N;Y;N;N;N;N;N;N;N
5032;молдинг 1.51.324;1.51.324;N;Y;N;N;N;Y;N;N;N;N;N;N;N
5033;молдинг 1.51.352;1.51.352;N;Y;N;Y;N;N;N;N;N;N;N;N;N
5034;молдинг 1.51.325;1.51.325;N;Y;N;Y;Y;N;N;N;N;N;N;N;N
5035;молдинг 1.51.312;1.51.312;N;Y;N;N;N;Y;N;N;N;N;N;N;N
5036;молдинг 1.51.332;1.51.332;N;Y;N;Y;N;N;N;N;N;N;N;N;N
5037;молдинг 1.51.350;1.51.350;N;Y;N;Y;N;N;N;N;N;N;N;N;N
5038;молдинг 1.51.326;1.51.326;N;Y;N;Y;N;N;N;N;N;N;N;N;N
5039;молдинг 1.51.308;1.51.308;N;N;Y;N;N;N;N;N;N;Y;N;N;N
5040;молдинг 1.51.309;1.51.309;N;Y;N;N;N;N;N;Y;N;N;N;N;N
5041;молдинг 1.51.310;1.51.310;N;N;Y;N;N;Y;Y;N;N;N;N;N;N
5042;молдинг 1.51.313;1.51.313;N;Y;N;Y;N;N;N;N;N;N;N;N;N
5043;молдинг 1.51.315;1.51.315;N;N;Y;N;N;N;N;N;Y;N;N;N;N
5044;молдинг 1.51.316;1.51.316;N;N;Y;N;N;N;N;Y;Y;N;N;N;N
5045;молдинг 1.51.317;1.51.317;N;N;Y;N;N;Y;N;N;N;N;N;N;N
5046;молдинг 1.51.318;1.51.318;N;Y;N;N;N;N;N;Y;N;N;N;N;N
5047;молдинг 1.51.319;1.51.319;N;Y;N;N;N;Y;N;N;N;N;N;N;N
5048;молдинг 1.51.320;1.51.320;N;Y;N;Y;N;N;N;N;N;N;N;N;N
5049;молдинг 1.51.322;1.51.322;N;N;Y;N;N;Y;N;N;N;N;N;N;N
5050;молдинг 1.51.328;1.51.328;N;Y;N;Y;N;N;N;N;N;N;N;N;N
5051;молдинг 1.51.330;1.51.330;N;Y;N;Y;N;N;N;N;N;N;N;N;N
5053;молдинг 1.51.340;1.51.340;N;Y;N;Y;N;N;N;N;N;N;N;N;N
5054;молдинг 1.51.341;1.51.341;N;N;Y;Y;N;N;N;N;N;N;N;N;N
5055;молдинг 1.51.342;1.51.342;N;N;Y;N;N;Y;N;Y;N;N;N;N;N
5056;молдинг 1.51.343;1.51.343;N;N;Y;N;N;N;N;Y;Y;N;N;N;N
5057;молдинг 1.51.344;1.51.344;N;N;Y;N;N;N;Y;Y;N;N;N;N;N
5058;молдинг 1.51.351;1.51.351;N;Y;N;Y;N;N;N;N;N;N;N;N;N
5059;молдинг 1.51.380;1.51.380;N;Y;N;Y;Y;N;N;N;N;N;N;N;N
5060;молдинг 1.51.401;1.51.401;N;N;Y;N;N;N;N;N;N;Y;N;N;N
5061;молдинг 1.51.323;1.51.323;N;N;Y;N;N;N;N;N;N;Y;N;N;N
5062;молдинг 1.51.339;1.51.339;N;Y;N;Y;N;N;N;N;N;N;N;N;N
5063;молдинг 1.51.331;1.51.331;N;Y;N;Y;N;N;N;N;N;N;N;N;N
5064;молдинг 1.51.336;1.51.336;N;Y;N;Y;N;N;N;N;N;N;N;N;N
5065;молдинг 1.51.334;1.51.334;N;Y;N;Y;N;N;N;N;N;N;N;N;N
5066;молдинг 1.51.335;1.51.335;N;Y;N;Y;N;N;N;N;N;N;N;N;N
5067;молдинг 1.51.337;1.51.337;N;Y;N;Y;N;N;N;N;N;N;N;N;N
5068;молдинг 1.51.348;1.51.348;N;Y;N;Y;N;N;N;N;N;N;N;N;N
5069;молдинг 1.51.349;1.51.349;N;Y;N;Y;Y;N;N;N;N;N;N;N;N
5070;молдинг 1.51.329;1.51.329;N;Y;N;N;N;Y;N;N;N;N;N;N;N
5071;молдинг 1.51.347;1.51.347;N;N;Y;N;N;Y;N;N;N;N;N;N;N
5072;молдинг 1.51.355;1.51.355;N;N;Y;N;N;Y;N;N;N;N;N;N;N
5073;молдинг 1.51.354;1.51.354;N;N;Y;N;N;N;Y;N;N;N;N;N;N
5074;молдинг 1.51.311 гибкий;1.51.311;Y;Y;N;N;N;N;N;Y;N;N;N;N;N
5075;молдинг 1.51.314 гибкий;1.51.314;Y;Y;N;Y;N;N;N;N;N;N;N;N;N
5076;молдинг 1.51.327 гибкий;1.51.327;Y;N;Y;N;N;N;Y;Y;N;N;N;N;N
5077;молдинг 1.51.301 гибкий;1.51.301;Y;N;Y;N;N;Y;N;N;N;N;N;N;N
5078;молдинг 1.51.305 гибкий;1.51.305;Y;N;Y;N;N;N;N;N;N;Y;N;N;N
5079;молдинг 1.51.321 гибкий;1.51.321;Y;N;Y;N;N;N;N;N;N;Y;N;N;N
5080;молдинг 1.51.400 гибкий;1.51.400;Y;N;Y;N;N;N;N;N;N;Y;N;N;N
5081;молдинг 1.51.302 гибкий;1.51.302;Y;N;Y;N;N;Y;N;N;N;Y;N;N;N
5082;молдинг 1.51.303 гибкий;1.51.303;Y;N;Y;N;N;Y;N;N;N;N;N;N;N
5083;молдинг 1.51.304 гибкий;1.51.304;Y;N;Y;N;N;Y;N;N;N;Y;N;N;N
5084;молдинг 1.51.306 гибкий;1.51.306;Y;N;Y;N;N;N;N;Y;Y;N;N;N;N
5085;молдинг 1.51.307 гибкий;1.51.307;Y;N;Y;N;N;Y;N;N;N;N;N;N;N
5086;молдинг 1.51.324 гибкий;1.51.324;Y;Y;N;N;N;Y;N;N;N;N;N;N;N
5087;молдинг 1.51.352 гибкий;1.51.352;Y;Y;N;Y;N;N;N;N;N;N;N;N;N
5088;молдинг 1.51.325 гибкий;1.51.325;Y;Y;N;Y;Y;N;N;N;N;N;N;N;N
5089;молдинг 1.51.312 гибкий;1.51.312;Y;Y;N;N;N;Y;N;N;N;N;N;N;N
5090;молдинг 1.51.332 гибкий;1.51.332;Y;Y;N;Y;N;N;N;N;N;N;N;N;N
5091;молдинг 1.51.350 гибкий;1.51.350;Y;Y;N;Y;N;N;N;N;N;N;N;N;N
5092;молдинг 1.51.326 гибкий;1.51.326;Y;Y;N;Y;N;N;N;N;N;N;N;N;N
5093;молдинг 1.51.308 гибкий;1.51.308;Y;N;Y;N;N;N;N;N;N;Y;N;N;N
5094;молдинг 1.51.309 гибкий;1.51.309;Y;Y;N;N;N;N;N;Y;N;N;N;N;N
5095;молдинг 1.51.310 гибкий;1.51.310;Y;N;Y;N;N;Y;Y;N;N;N;N;N;N
5096;молдинг 1.51.313 гибкий;1.51.313;Y;Y;N;Y;N;N;N;N;N;N;N;N;N
5097;молдинг 1.51.315 гибкий;1.51.315;Y;N;Y;N;N;N;N;N;Y;N;N;N;N
5098;молдинг 1.51.316 гибкий;1.51.316;Y;N;Y;N;N;N;N;Y;Y;N;N;N;N
5099;молдинг 1.51.317 гибкий;1.51.317;Y;N;Y;N;N;Y;N;N;N;N;N;N;N
5100;молдинг 1.51.318 гибкий;1.51.318;Y;Y;N;N;N;N;N;Y;N;N;N;N;N
5101;молдинг 1.51.319 гибкий;1.51.319;Y;Y;N;N;N;Y;N;N;N;N;N;N;N
5102;молдинг 1.51.320 гибкий;1.51.320;Y;Y;N;Y;N;N;N;N;N;N;N;N;N
5103;молдинг 1.51.322 гибкий;1.51.322;Y;N;Y;N;N;Y;N;N;N;N;N;N;N
5104;молдинг 1.51.328 гибкий;1.51.328;Y;Y;N;Y;N;N;N;N;N;N;N;N;N
5105;молдинг 1.51.330 гибкий;1.51.330;Y;Y;N;Y;N;N;N;N;N;N;N;N;N
5107;молдинг 1.51.340 гибкий;1.51.340;Y;Y;N;Y;N;N;N;N;N;N;N;N;N
5108;молдинг 1.51.341 гибкий;1.51.341;Y;N;Y;Y;N;N;N;N;N;N;N;N;N
5109;молдинг 1.51.342 гибкий;1.51.342;Y;N;Y;N;N;Y;N;Y;N;N;N;N;N
5110;молдинг 1.51.343 гибкий;1.51.343;Y;N;Y;N;N;N;N;Y;Y;N;N;N;N
5111;молдинг 1.51.344 гибкий;1.51.344;Y;N;Y;N;N;N;Y;Y;N;N;N;N;N
5112;молдинг 1.51.351 гибкий;1.51.351;Y;Y;N;Y;N;N;N;N;N;N;N;N;N
5113;молдинг 1.51.380 гибкий;1.51.380;Y;Y;N;Y;Y;N;N;N;N;N;N;N;N
5114;молдинг 1.51.401 гибкий;1.51.401;Y;N;Y;N;N;N;N;N;N;Y;N;N;N
5115;молдинг 1.51.323 гибкий;1.51.323;Y;N;Y;N;N;N;N;N;N;Y;N;N;N
5116;молдинг 1.51.339 гибкий;1.51.339;Y;Y;N;Y;N;N;N;N;N;N;N;N;N
5117;молдинг 1.51.331 гибкий;1.51.331;Y;Y;N;Y;N;N;N;N;N;N;N;N;N
5118;молдинг 1.51.336 гибкий;1.51.336;Y;Y;N;Y;N;N;N;N;N;N;N;N;N
5119;молдинг 1.51.334 гибкий;1.51.334;Y;Y;N;Y;N;N;N;N;N;N;N;N;N
5120;молдинг 1.51.335 гибкий;1.51.335;Y;Y;N;Y;N;N;N;N;N;N;N;N;N
5121;молдинг 1.51.337 гибкий;1.51.337;Y;Y;N;Y;N;N;N;N;N;N;N;N;N
5122;молдинг 1.51.348 гибкий;1.51.348;Y;Y;N;Y;N;N;N;N;N;N;N;N;N
5123;молдинг 1.51.349 гибкий;1.51.349;Y;Y;N;Y;Y;N;N;N;N;N;N;N;N
5124;молдинг 1.51.329 гибкий;1.51.329;Y;Y;N;N;N;Y;N;N;N;N;N;N;N
5125;молдинг 1.51.347 гибкий;1.51.347;Y;N;Y;N;N;Y;N;N;N;N;N;N;N
5126;молдинг 1.51.355 гибкий;1.51.355;Y;N;Y;N;N;Y;N;N;N;N;N;N;N
5127;молдинг 1.51.354 гибкий;1.51.354;Y;N;Y;N;N;N;Y;N;N;N;N;N;N
5128;плинтус 1.53.102;1.53.102;N;N;Y;N;N;N;Y;Y;N;N;N;N;N
5129;плинтус 1.53.103;1.53.103;N;N;Y;N;N;N;Y;Y;N;N;N;N;N
5130;плинтус 1.53.104;1.53.104;N;N;Y;N;N;N;N;Y;Y;N;N;N;N
5131;плинтус 1.53.105;1.53.105;N;N;Y;N;N;Y;N;N;N;N;N;N;N
5132;плинтус 1.53.106;1.53.106;N;N;Y;N;N;N;N;N;Y;N;N;N;N
5133;плинтус 1.53.107;1.53.107;N;N;Y;N;N;Y;N;N;N;Y;N;N;N
5134;плинтус 1.53.109;1.53.109;N;N;Y;Y;Y;N;N;N;N;N;N;N;N
5135;плинтус 1.53.101;1.53.101;N;N;Y;N;N;Y;Y;Y;N;N;N;N;N
5136;плинтус 1.53.102 гибкий;1.53.102;Y;N;Y;N;N;N;Y;Y;N;N;N;N;N
5137;плинтус 1.53.103 гибкий;1.53.103;Y;N;Y;N;N;N;Y;Y;N;N;N;N;N
5138;плинтус 1.53.104 гибкий;1.53.104;Y;N;Y;N;N;N;N;Y;Y;N;N;N;N
5139;плинтус 1.53.105 гибкий;1.53.105;Y;N;Y;N;N;Y;N;N;N;N;N;N;N
5140;плинтус 1.53.106 гибкий;1.53.106;Y;N;Y;N;N;N;N;N;Y;N;N;N;N
5141;плинтус 1.53.107 гибкий;1.53.107;Y;N;Y;N;N;Y;N;N;N;Y;N;N;N
5142;плинтус 1.53.109 гибкий;1.53.109;Y;N;Y;Y;Y;N;N;N;N;N;N;N;N
5143;плинтус 1.53.101 гибкий;1.53.101;Y;N;Y;N;N;Y;Y;Y;N;N;N;N;N
5144;угловой элемент 1.52.326;1.52.326;N;Y;N;Y;N;N;N;N;N;N;N;N;N
5145;угловой элемент 1.52.301;1.52.301;N;N;Y;N;N;Y;N;Y;N;Y;N;N;N
5146;угловой элемент 1.52.302;1.52.302;N;N;Y;N;N;Y;N;Y;N;Y;N;N;N
5147;угловой элемент 1.52.290;1.52.290;N;Y;N;Y;N;N;N;N;N;N;N;N;N
5148;угловой элемент 1.52.293;1.52.293;N;Y;N;Y;N;N;N;N;N;N;N;N;N
5149;угловой элемент 1.52.292;1.52.292;N;Y;N;Y;N;N;N;N;N;N;N;N;N
5150;угловой элемент 1.52.288;1.52.288;N;Y;N;Y;N;N;N;N;N;N;N;N;N
5151;угловой элемент 1.52.294;1.52.294;N;Y;N;N;N;N;N;N;N;Y;N;N;N
5152;угловой элемент 1.52.291;1.52.291;N;Y;N;Y;N;N;N;N;N;N;N;N;N
5153;угловой элемент 1.52.295;1.52.295;N;Y;N;Y;N;N;N;N;N;N;N;N;N
5154;угловой элемент 1.52.328;1.52.328;N;Y;N;N;N;N;N;N;N;Y;N;N;N
5155;угловой элемент 1.52.400;1.52.400;N;Y;N;Y;N;N;N;N;N;N;N;N;N
5156;угловой элемент 1.52.289;1.52.289;N;Y;N;Y;N;N;N;N;N;N;N;N;N
5157;угловой элемент 1.52.296;1.52.296;N;Y;N;Y;N;N;N;N;N;N;N;N;N
5158;угловой элемент 1.52.297;1.52.297;N;Y;N;Y;N;N;N;N;N;N;N;N;N
5159;угловой элемент 1.52.298;1.52.298;N;Y;N;Y;N;N;N;N;N;N;N;N;N
5160;угловой элемент 1.52.300;1.52.300;N;Y;N;Y;N;N;N;N;N;Y;N;N;N
5161;угловой элемент 1.52.303;1.52.303;N;Y;N;N;N;N;N;N;N;Y;N;N;N
5162;угловой элемент 1.52.308;1.52.308;N;N;Y;N;N;N;Y;N;N;N;N;N;N
5163;угловой элемент 1.52.312;1.52.312;N;Y;N;N;N;N;N;N;N;Y;N;N;N
5164;угловой элемент 1.52.313;1.52.313;N;Y;N;N;Y;N;N;N;N;N;N;N;N
5165;угловой элемент 1.52.314;1.52.314;N;Y;N;Y;N;N;N;N;N;N;N;N;N
5166;угловой элемент 1.52.318;1.52.318;N;Y;N;N;N;N;Y;Y;N;N;N;N;N
5167;кронштейн 1.19.001;1.19.001;N;N;N;N;N;N;N;N;N;N;N;N;N
5168;кронштейн 1.19.137;1.19.137;N;N;N;N;N;N;N;N;N;N;N;N;N
5169;кронштейн 1.19.002;1.19.002;N;N;N;N;N;N;N;N;N;N;N;N;N
5170;кронштейн 1.19.005;1.19.005;N;N;N;N;N;N;N;N;N;N;N;N;N
5171;кронштейн 1.19.003;1.19.003;N;N;N;N;N;N;N;N;N;N;N;N;N
5172;кронштейн 1.19.004;1.19.004;N;N;N;N;N;N;N;N;N;N;N;N;N
5174;розетка 1.56.017;1.56.017;N;Y;N;N;N;N;Y;Y;N;N;N;N;N
5175;розетка 1.56.001;1.56.001;N;Y;N;Y;N;N;N;N;N;N;N;N;N
5176;розетка 1.56.002;1.56.002;N;Y;N;N;N;Y;N;Y;N;N;N;N;N
5177;розетка 1.56.004;1.56.004;N;Y;N;N;N;Y;N;N;N;N;N;N;N
5178;розетка 1.56.007;1.56.007;N;Y;N;Y;N;N;N;N;N;N;N;N;N
5179;розетка 1.56.013;1.56.013;N;N;Y;N;N;N;N;Y;N;N;N;N;N
5180;розетка 1.56.014;1.56.014;N;N;Y;N;N;N;Y;Y;N;N;N;N;N
5181;розетка 1.56.015;1.56.015;N;N;Y;N;N;N;Y;Y;Y;N;N;N;N
5182;розетка 1.56.016;1.56.016;N;N;Y;N;N;Y;N;N;N;N;N;N;N
5183;розетка 1.56.018;1.56.018;N;N;Y;N;N;N;N;Y;N;N;N;N;N
5184;розетка 1.56.019;1.56.019;N;Y;N;Y;N;Y;N;N;N;Y;N;N;N
5185;розетка 1.56.020;1.56.020;N;Y;N;Y;N;N;N;N;N;N;N;N;N
5186;розетка 1.56.022;1.56.022;N;Y;N;Y;N;N;N;N;N;N;N;N;N
5187;розетка 1.56.023;1.56.023;N;Y;N;Y;N;N;N;N;N;N;N;N;N
5188;розетка 1.56.024;1.56.024;N;Y;N;Y;N;N;N;N;N;N;N;N;N
5189;розетка 1.56.025;1.56.025;N;Y;N;Y;Y;N;N;N;N;N;N;N;N
5190;розетка 1.56.005;1.56.005;N;Y;N;N;N;N;N;N;N;Y;N;N;N
5191;розетка 1.56.010;1.56.010;N;Y;N;Y;Y;N;N;N;N;N;N;N;N
5192;розетка 1.56.028;1.56.028;N;Y;N;Y;N;N;N;N;N;N;N;N;N
5193;розетка 1.56.029;1.56.029;N;Y;N;Y;Y;N;N;N;N;N;N;N;N
5194;розетка 1.56.030;1.56.030;N;Y;N;Y;Y;N;N;N;N;N;N;N;N
5195;розетка 1.56.003;1.56.003;N;Y;N;Y;N;N;N;N;N;N;N;N;N
5196;розетка 1.56.031;1.56.031;N;Y;N;Y;N;N;N;N;N;N;N;N;N
5197;розетка 1.56.021;1.56.021;N;Y;N;Y;N;N;N;N;N;N;N;N;N
5198;розетка 1.56.026;1.56.026;N;Y;N;Y;N;N;N;N;N;N;N;N;N
5199;розетка 1.56.006;1.56.006;N;Y;N;N;N;Y;N;N;N;Y;N;N;N
5200;розетка 1.56.009;1.56.009;N;Y;N;Y;N;N;N;N;N;N;N;N;N
5201;розетка 1.56.032;1.56.032;N;Y;N;Y;N;N;N;N;N;N;N;N;N
5202;розетка 1.56.011;1.56.011;N;Y;N;Y;Y;N;N;N;N;N;N;N;N
5203;розетка 1.56.037;1.56.037;N;Y;N;Y;N;N;N;N;N;N;N;N;N
5204;розетка 1.56.034;1.56.034;N;Y;N;Y;N;N;N;N;N;N;N;N;N
5205;розетка 1.56.033;1.56.033;N;Y;N;Y;N;N;N;N;N;N;N;N;N
5206;розетка 1.56.038;1.56.038;N;Y;N;Y;N;N;N;N;N;N;N;N;N
5207;розетка 1.56.012;1.56.012;N;Y;N;Y;N;N;N;N;N;N;N;N;N
5208;розетка 1.56.027;1.56.027;N;Y;N;Y;Y;N;N;N;N;N;N;N;N
5209;розетка 1.56.039;1.56.039;N;Y;N;Y;Y;N;N;N;N;N;N;N;N
5210;розетка 1.56.035;1.56.035;N;N;Y;N;N;Y;Y;Y;N;Y;N;N;N
5211;розетка 1.56.042;1.56.042;N;Y;N;N;N;Y;Y;N;N;Y;N;N;N
5212;орнамент 1.60.114;1.60.114;N;N;N;Y;N;N;N;N;N;N;N;N;N
5213;орнамент 1.60.014;1.60.014;N;N;N;Y;N;N;N;N;N;N;N;N;N
5214;орнамент 1.60.011;1.60.011;N;N;N;Y;N;Y;N;N;N;N;N;N;N
5215;орнамент 1.60.111;1.60.111;N;N;N;Y;N;Y;N;N;N;N;N;N;N
5216;орнамент 1.60.007;1.60.007;N;N;N;Y;N;N;N;N;N;N;N;N;N
5217;орнамент 1.60.005;1.60.005;N;N;N;Y;N;N;N;N;N;N;N;N;N
5218;орнамент 1.60.012;1.60.012;N;N;N;Y;N;N;N;N;N;N;N;N;N
5219;орнамент 1.60.008;1.60.008;N;N;N;Y;N;N;N;N;N;N;N;N;N
5220;орнамент 1.60.010;1.60.010;N;N;N;Y;N;N;N;N;N;N;N;N;N
5221;орнамент 1.60.002;1.60.002;N;N;N;Y;N;N;N;N;N;N;N;N;N
5222;орнамент 1.60.003;1.60.003;N;N;N;Y;N;Y;N;N;N;N;N;N;N
5223;орнамент 1.60.004;1.60.004;N;N;N;Y;N;N;N;N;N;N;N;N;N
5224;орнамент 1.60.006;1.60.006;N;N;N;Y;N;N;N;N;N;N;N;N;N
5225;орнамент 1.60.009;1.60.009;N;N;N;Y;N;N;N;N;N;N;N;N;N
5226;орнамент 1.60.015;1.60.015;N;N;N;Y;N;N;N;N;N;N;N;N;N
5227;орнамент 1.60.017;1.60.017;N;N;N;Y;N;N;N;N;N;N;N;N;N
5228;орнамент 1.60.018;1.60.018;N;N;N;N;Y;N;N;N;N;N;N;N;N
5229;орнамент 1.60.019;1.60.019;N;N;N;Y;Y;N;N;N;N;N;N;N;N
5230;орнамент 1.60.108;1.60.108;N;N;N;Y;N;N;N;N;N;N;N;N;N
5231;орнамент 1.60.109;1.60.109;N;N;N;Y;N;N;N;N;N;N;N;N;N
5232;орнамент 1.60.110;1.60.110;N;N;N;Y;N;N;N;N;N;N;N;N;N
5233;орнамент 1.60.001;1.60.001;N;N;N;Y;N;N;N;N;N;N;N;N;N
5234;кессон 1.57.002;1.57.002;N;Y;N;N;N;Y;Y;Y;N;N;N;N;N
5235;кессон 1.57.003;1.57.003;N;Y;N;Y;Y;N;N;N;N;N;N;N;N
5236;кессон 1.57.001;1.57.001;N;N;Y;N;N;Y;N;N;N;Y;N;N;N
5237;кессон 1.57.004;1.57.004;N;Y;N;Y;N;N;N;N;N;N;N;N;N
5238;купол 1.58.001;1.58.001;N;Y;N;N;N;N;N;Y;Y;N;N;N;N
5239;капитель 1.11.001;1.11.001;N;N;N;N;N;N;N;N;N;N;N;N;N
5240;капитель 1.11.010;1.11.010;N;N;N;N;N;N;N;N;N;N;N;N;N
5241;капитель 1.11.003;1.11.003;N;N;N;N;N;N;N;N;N;N;N;N;N
5242;капитель 1.11.002;1.11.002;N;N;N;N;N;N;N;N;N;N;N;N;N
5243;капитель 1.11.004;1.11.004;N;N;N;N;N;N;N;N;N;N;N;N;N
5244;капитель 1.11.005;1.11.005;N;N;N;N;N;N;N;N;N;N;N;N;N
5245;капитель 1.11.006;1.11.006;N;N;N;N;N;N;N;N;N;N;N;N;N
5246;капитель 1.11.008;1.11.008;N;N;N;N;N;N;N;N;N;N;N;N;N
5247;капитель 1.11.009;1.11.009;N;N;N;N;N;N;N;N;N;N;N;N;N
5248;капитель 1.15.002;1.15.002;N;N;N;N;N;N;N;N;N;N;N;N;N
5249;капитель 1.15.003;1.15.003;N;N;N;N;N;N;N;N;N;N;N;N;N
5250;капитель 1.15.004;1.15.004;N;N;N;N;N;N;N;N;N;N;N;N;N
5251;капитель 1.15.005;1.15.005;N;N;N;N;N;N;N;N;N;N;N;N;N
5252;капитель 1.15.006;1.15.006;N;N;N;N;N;N;N;N;N;N;N;N;N
5253;капитель 1.15.008;1.15.008;N;N;N;N;N;N;N;N;N;N;N;N;N
5254;капитель 1.15.001;1.15.001;N;N;N;N;N;N;N;N;N;N;N;N;N
5255;капитель 1.15.009;1.15.009;N;N;N;N;N;N;N;N;N;N;N;N;N
5256;капитель 1.15.010;1.15.010;N;N;N;N;N;N;N;N;N;N;N;N;N
5257;капитель 1.21.003;1.21.003;N;N;N;Y;N;N;N;N;N;N;N;N;N
5258;капитель 1.21.001;1.21.001;N;N;N;Y;N;N;N;N;N;N;N;N;N
5259;капитель 1.21.002;1.21.002;N;N;N;Y;N;N;N;N;N;N;N;N;N
5260;капитель 1.21.004;1.21.004;N;N;N;Y;N;N;N;N;N;N;N;N;N
5261;капитель 1.21.005;1.21.005;N;N;N;Y;N;N;N;N;N;N;N;N;N
5262;капитель 1.21.006;1.21.006;N;N;N;Y;N;N;N;N;N;N;N;N;N
5263;капитель 1.21.007;1.21.007;N;N;N;Y;N;N;N;N;N;N;N;N;N
5264;ствол 1.12.020;1.12.020;N;N;N;N;N;N;N;N;N;N;N;N;N
5265;ствол 1.12.010;1.12.010;N;N;N;N;N;N;N;N;N;N;N;N;N
5266;ствол 1.12.030;1.12.030;N;N;N;N;N;N;N;N;N;N;N;N;N
5267;ствол 1.12.050;1.12.050;N;N;N;N;N;N;N;N;N;N;N;N;N
5268;ствол 1.12.060;1.12.060;N;N;N;N;N;N;N;N;N;N;N;N;N
5269;ствол 1.12.061;1.12.061;N;N;N;N;N;N;N;N;N;N;N;N;N
5270;ствол 1.12.080;1.12.080;N;N;N;N;N;N;N;N;N;N;N;N;N
5271;ствол 1.12.081;1.12.081;N;N;N;N;N;N;N;N;N;N;N;N;N
5272;ствол 1.12.070;1.12.070;N;N;N;N;N;N;N;N;N;N;N;N;N
5273;ствол 1.12.071;1.12.071;N;N;N;N;N;N;N;N;N;N;N;N;N
5274;ствол 1.16.080;1.16.080;N;N;N;N;N;N;N;N;N;N;N;N;N
5275;ствол 1.16.081;1.16.081;N;N;N;N;N;N;N;N;N;N;N;N;N
5276;ствол 1.16.030;1.16.030;N;N;N;N;N;N;N;N;N;N;N;N;N
5277;ствол 1.16.070;1.16.070;N;N;N;N;N;N;N;N;N;N;N;N;N
5278;ствол 1.16.050;1.16.050;N;N;N;N;N;N;N;N;N;N;N;N;N
5279;ствол 1.16.060;1.16.060;N;N;N;N;N;N;N;N;N;N;N;N;N
5280;ствол 1.16.071;1.16.071;N;N;N;N;N;N;N;N;N;N;N;N;N
5281;ствол 1.16.010;1.16.010;N;N;N;N;N;N;N;N;N;N;N;N;N
5282;ствол 1.16.011;1.16.011;N;N;N;N;N;N;N;N;N;N;N;N;N
5283;ствол 1.16.020;1.16.020;N;N;N;N;N;N;N;N;N;N;N;N;N
5284;ствол 1.16.061;1.16.061;N;N;N;N;N;N;N;N;N;N;N;N;N
5285;ствол 1.22.010;1.22.010;N;N;N;Y;N;N;N;N;N;N;N;N;N
5286;ствол 1.22.020;1.22.020;N;N;N;Y;N;N;N;N;N;N;N;N;N
5287;ствол 1.22.030;1.22.030;N;N;N;Y;N;N;N;N;N;N;N;N;N
5288;ствол 1.22.200;1.22.200;N;N;N;Y;N;N;N;N;N;N;N;N;N
5289;ствол 1.22.040;1.22.040;N;N;N;Y;N;N;N;N;N;N;N;N;N
5290;кольцо 1.11.100;1.11.100;N;N;N;N;N;N;N;N;N;N;N;N;N
5291;кольцо 1.11.200;1.11.200;N;N;N;N;N;N;N;N;N;N;N;N;N
5292;кольцо 1.11.300;1.11.300;N;N;N;N;N;N;N;N;N;N;N;N;N
5293;кольцо 1.15.100;1.15.100;N;N;N;N;N;N;N;N;N;N;N;N;N
5294;кольцо 1.15.200;1.15.200;N;N;N;N;N;N;N;N;N;N;N;N;N
5295;кольцо 1.15.300;1.15.300;N;N;N;N;N;N;N;N;N;N;N;N;N
5296;база 1.13.900;1.13.900;N;N;N;N;N;N;N;N;N;N;N;N;N
5297;база 1.13.300;1.13.300;N;N;N;N;N;N;N;N;N;N;N;N;N
5298;база 1.13.400;1.13.400;N;N;N;N;N;N;N;N;N;N;N;N;N
5299;база 1.13.800;1.13.800;N;N;N;N;N;N;N;N;N;N;N;N;N
5300;база 1.13.500;1.13.500;N;N;N;N;N;N;N;N;N;N;N;N;N
5301;база 1.13.100;1.13.100;N;N;N;N;N;N;N;N;N;N;N;N;N
5302;база 1.13.200;1.13.200;N;N;N;N;N;N;N;N;N;N;N;N;N
5303;база 1.13.700;1.13.700;N;N;N;N;N;N;N;N;N;N;N;N;N
5304;база 1.17.900;1.17.900;N;N;N;N;N;N;N;N;N;N;N;N;N
5305;база 1.17.300;1.17.300;N;N;N;N;N;N;N;N;N;N;N;N;N
5306;база 1.17.400;1.17.400;N;N;N;N;N;N;N;N;N;N;N;N;N
5307;база 1.17.100;1.17.100;N;N;N;N;N;N;N;N;N;N;N;N;N
5308;база 1.17.800;1.17.800;N;N;N;N;N;N;N;N;N;N;N;N;N
5309;база 1.17.500;1.17.500;N;N;N;N;N;N;N;N;N;N;N;N;N
5310;база 1.17.600;1.17.600;N;N;N;N;N;N;N;N;N;N;N;N;N
5311;база 1.17.700;1.17.700;N;N;N;N;N;N;N;N;N;N;N;N;N
5312;база 1.17.200;1.17.200;N;N;N;N;N;N;N;N;N;N;N;N;N
5313;база 1.23.100;1.23.100;N;N;N;Y;N;N;N;N;N;N;N;N;N
5314;база 1.23.200;1.23.200;N;N;N;Y;N;N;N;N;N;N;N;N;N
5315;база 1.23.300;1.23.300;N;N;N;Y;N;N;N;N;N;N;N;N;N
5316;база 1.23.400;1.23.400;N;N;N;Y;N;N;N;N;N;N;N;N;N
5317;база 1.23.500;1.23.500;N;N;N;Y;N;N;N;N;N;N;N;N;N
5318;пьедестал 1.14.001;1.14.001;N;N;N;N;N;N;N;N;N;N;N;N;N
5319;пьедестал 1.14.002;1.14.002;N;N;N;N;N;N;N;N;N;N;N;N;N
5320;пьедестал 1.14.003;1.14.003;N;N;N;N;N;N;N;N;N;N;N;N;N
5321;пьедестал 1.18.001;1.18.001;N;N;N;N;N;N;N;N;N;N;N;N;N
5322;пьедестал 1.18.002;1.18.002;N;N;N;N;N;N;N;N;N;N;N;N;N
5323;пьедестал 1.18.003;1.18.003;N;N;N;N;N;N;N;N;N;N;N;N;N
5324;база 1.54.010;1.54.010;N;N;N;N;N;N;N;N;N;N;N;N;N
5325;обрамление арок 1.55.003;1.55.003;N;N;N;N;N;N;N;N;N;N;N;N;N
5326;обрамление арок 1.55.004;1.55.004;N;N;N;N;N;N;N;N;N;N;N;N;N
5327;обрамление арок 1.55.001;1.55.001;N;N;N;N;N;N;N;N;N;N;N;N;N
5328;замковый камень 1.55.005;1.55.005;N;N;N;N;N;N;N;N;N;N;N;N;N
5329;обрамление арок 1.55.002;1.55.002;N;N;N;N;N;N;N;N;N;N;N;N;N
5330;база 1.54.020;1.54.020;N;N;N;N;N;N;N;N;N;N;N;N;N
5331;боковой элемент 1.54.009;1.54.009;N;N;N;N;N;N;N;N;N;N;N;N;N
5332;боковой элемент 1.54.019;1.54.019;N;N;N;N;N;N;N;N;N;N;N;N;N
5333;квадрат 1.54.001;1.54.001;N;N;N;N;N;N;N;N;N;N;N;N;N
5334;квадрат 1.54.002;1.54.002;N;N;N;N;N;N;N;N;N;N;N;N;N
5335;наличник 1.54.003;1.54.003;N;N;N;N;N;N;N;N;N;N;N;N;N
5336;наличник 1.54.004;1.54.004;N;N;N;N;N;N;N;N;N;N;N;N;N
5337;элемент 1.54.008;1.54.008;N;N;N;N;N;N;N;N;N;N;N;N;N
5338;элемент 1.54.006;1.54.006;N;N;N;N;N;N;N;N;N;N;N;N;N
5339;элемент 1.54.005;1.54.005;N;N;N;N;N;N;N;N;N;N;N;N;N
5340;элемент 1.54.007;1.54.007;N;N;N;N;N;N;N;N;N;N;N;N;N
5341;элемент 1.54.012;1.54.012;N;N;N;N;N;N;N;N;N;N;N;N;N
5342;элемент 1.54.011;1.54.011;N;N;N;N;N;N;N;N;N;N;N;N;N
5343;ствол 1.12.011;1.12.011;N;N;N;N;N;N;N;N;N;N;N;N;N
5861;карниз 1.50.205;1.50.205;N;Y;N;Y;N;N;N;N;N;N;N;N;N
5862;карниз 1.50.196 гибкий;1.50.196;Y;Y;N;N;N;N;N;Y;N;N;N;N;Y
5863;карниз 1.50.198 гибкий;1.50.198;Y;Y;N;Y;N;N;N;N;N;N;N;N;N
5864;карниз 1.50.201 гибкий;1.50.201;Y;Y;N;Y;Y;N;N;N;N;N;N;N;N
5865;карниз 1.50.205 гибкий;1.50.205;Y;Y;N;Y;N;N;N;N;N;N;N;N;N
5866;молдинг 1.51.345;1.51.345;N;N;Y;N;N;Y;N;N;N;N;N;N;N
5867;молдинг 1.51.357;1.51.357;N;N;Y;N;N;N;Y;Y;N;N;N;N;N
5868;молдинг 1.51.358;1.51.358;N;Y;N;Y;N;N;N;N;N;N;N;N;N
5869;молдинг 1.51.361;1.51.361;N;Y;N;Y;N;N;N;N;N;N;N;N;N
5870;молдинг 1.51.381;1.51.381;N;N;Y;Y;N;N;N;N;N;N;N;N;N
5871;молдинг 1.51.345 гибкий;1.51.345;Y;N;Y;N;N;Y;N;N;N;N;N;N;N
5872;молдинг 1.51.357 гибкий;1.51.357;Y;N;Y;N;N;N;Y;Y;N;N;N;N;N
5873;молдинг 1.51.358 гибкий;1.51.358;Y;Y;N;Y;N;N;N;N;N;N;N;N;N
5874;молдинг 1.51.361 гибкий;1.51.361;Y;Y;N;Y;N;N;N;N;N;N;N;N;N
5875;молдинг 1.51.381 гибкий;1.51.381;Y;N;Y;Y;N;N;N;N;N;N;N;N;N
5876;архитрав 1.26.001;1.26.001;N;N;Y;N;N;N;N;N;N;N;N;N;N
5877;архитрав 1.26.002;1.26.002;N;N;Y;N;N;N;N;N;N;N;N;N;N
5878;архитрав 1.26.003;1.26.003;N;N;Y;N;N;N;N;N;N;N;N;N;N
5879;розетка 1.56.036;1.56.036;N;Y;N;Y;N;N;N;N;N;N;N;N;N
5880;база 1.13.600;1.13.600;N;N;N;N;N;N;N;N;N;N;N;N;N
5881;ниша 1.61.101;1.61.101;N;N;N;N;N;N;N;N;N;N;N;N;N
5882;ниша 1.61.102;1.61.102;N;N;N;N;N;N;N;N;N;N;N;N;N
5883;ниша с полкой 1.61.110;1.61.110;N;N;N;N;N;N;N;N;N;N;N;N;N
5884;ниша с полкой 1.61.120;1.61.120;N;N;N;N;N;N;N;N;N;N;N;N;N
5885;сандрик 1.63.001;1.63.001;N;N;N;N;N;N;N;N;N;N;N;N;N
5886;сандрик 1.63.002;1.63.002;N;N;N;N;N;N;N;N;N;N;N;N;N
5887;карниз 4.02.201;4.02.201;N;N;N;N;N;N;N;N;N;N;N;N;N
5888;карниз 4.01.201;4.01.201;N;N;N;N;N;N;N;N;N;N;N;N;N
5889;карниз 4.01.101;4.01.101;N;N;N;N;N;N;N;N;N;N;N;N;N
5890;карниз 4.01.301;4.01.301;N;N;N;N;N;N;N;N;N;N;N;N;N
5891;карниз 4.32.202;4.32.202;N;N;N;N;N;N;N;N;N;N;N;N;N
5892;карниз 4.01.103;4.01.103;N;N;N;N;N;N;N;N;N;N;N;N;N
5893;карниз 4.31.301;4.31.301;N;N;N;N;N;N;N;N;N;N;N;N;N
5894;карниз 4.32.201;4.32.201;N;N;N;N;N;N;N;N;N;N;N;N;N
5895;карниз 4.81.002;4.81.002;N;N;N;N;N;N;N;N;N;N;N;N;N
5896;карниз 4.32.302;4.32.302;N;N;N;N;N;N;N;N;N;N;N;N;N
5897;карниз 4.01.202;4.01.202;N;N;N;N;N;N;N;N;N;N;N;N;N
5898;карниз 4.01.302;4.01.302;N;N;N;N;N;N;N;N;N;N;N;N;N
5899;карниз 4.02.101;4.02.101;N;N;N;N;N;N;N;N;N;N;N;N;N
5900;карниз 4.31.101;4.31.101;N;N;N;N;N;N;N;N;N;N;N;N;N
5901;карниз 4.31.201;4.31.201;N;N;N;N;N;N;N;N;N;N;N;N;N
5902;карниз 4.31.202;4.31.202;N;N;N;N;N;N;N;N;N;N;N;N;N
5903;карниз 4.31.302;4.31.302;N;N;N;N;N;N;N;N;N;N;N;N;N
5904;карниз 4.32.101;4.32.101;N;N;N;N;N;N;N;N;N;N;N;N;N
5905;карниз 4.32.301;4.32.301;N;N;N;N;N;N;N;N;N;N;N;N;N
5906;карниз 4.81.001;4.81.001;N;N;N;N;N;N;N;N;N;N;N;N;N
5907;карниз 4.02.301;4.02.301;N;N;N;N;N;N;N;N;N;N;N;N;N
5908;фриз 4.03.101;4.03.101;N;N;N;N;N;N;N;N;N;N;N;N;N
5909;фриз 4.03.102;4.03.102;N;N;N;N;N;N;N;N;N;N;N;N;N
5910;фриз 4.03.201;4.03.201;N;N;N;N;N;N;N;N;N;N;N;N;N
5911;фриз 4.03.202;4.03.202;N;N;N;N;N;N;N;N;N;N;N;N;N
5912;фриз 4.03.301;4.03.301;N;N;N;N;N;N;N;N;N;N;N;N;N
5913;фриз 4.33.301;4.33.301;N;N;N;N;N;N;N;N;N;N;N;N;N
5914;фриз 4.03.302;4.03.302;N;N;N;N;N;N;N;N;N;N;N;N;N
5915;фриз 4.33.101;4.33.101;N;N;N;N;N;N;N;N;N;N;N;N;N
5916;фриз 4.33.102;4.33.102;N;N;N;N;N;N;N;N;N;N;N;N;N
5917;фриз 4.33.201;4.33.201;N;N;N;N;N;N;N;N;N;N;N;N;N
5918;фриз 4.33.202;4.33.202;N;N;N;N;N;N;N;N;N;N;N;N;N
5919;архитрав 4.04.201;4.04.201;N;N;N;N;N;N;N;N;N;N;N;N;N
5920;архитрав 4.34.201;4.34.201;N;N;N;N;N;N;N;N;N;N;N;N;N
5921;архитрав 4.34.202;4.34.202;N;N;N;N;N;N;N;N;N;N;N;N;N
5922;архитрав 4.04.101;4.04.101;N;N;N;N;N;N;N;N;N;N;N;N;N
5923;архитрав 4.04.102;4.04.102;N;N;N;N;N;N;N;N;N;N;N;N;N
5924;архитрав 4.04.202;4.04.202;N;N;N;N;N;N;N;N;N;N;N;N;N
5925;архитрав 4.04.301;4.04.301;N;N;N;N;N;N;N;N;N;N;N;N;N
5926;архитрав 4.04.302;4.04.302;N;N;N;N;N;N;N;N;N;N;N;N;N
5927;архитрав 4.34.101;4.34.101;N;N;N;N;N;N;N;N;N;N;N;N;N
5928;архитрав 4.34.102;4.34.102;N;N;N;N;N;N;N;N;N;N;N;N;N
5929;архитрав 4.34.301;4.34.301;N;N;N;N;N;N;N;N;N;N;N;N;N
5930;архитрав 4.34.302;4.34.302;N;N;N;N;N;N;N;N;N;N;N;N;N
5931;балясина 4.71.101;4.71.101;N;N;N;N;N;N;N;N;N;N;N;N;N
5932;балясина 4.71.201;4.71.201;N;N;N;N;N;N;N;N;N;N;N;N;N
5933;столб 4.75.101;4.75.101;N;N;N;N;N;N;N;N;N;N;N;N;N
5934;столб 4.75.201;4.75.201;N;N;N;N;N;N;N;N;N;N;N;N;N
5935;крышка (пирамида) 4.76.101;4.76.101;N;N;N;N;N;N;N;N;N;N;N;N;N
5936;крышка (пирамида) 4.76.201;4.76.201;N;N;N;N;N;N;N;N;N;N;N;N;N
5937;крышка столба (плоская) 4.73.101;4.73.101;N;N;N;N;N;N;N;N;N;N;N;N;N
5938;крышка столба (плоская) 4.73.201;4.73.201;N;N;N;N;N;N;N;N;N;N;N;N;N
5939;крышка (шар) 4.77.101;4.77.101;N;N;N;N;N;N;N;N;N;N;N;N;N
5940;крышка (шар) 4.77.201;4.77.201;N;N;N;N;N;N;N;N;N;N;N;N;N
5941;основание 4.74.101;4.74.101;N;N;N;N;N;N;N;N;N;N;N;N;N
5942;основание 4.74.201;4.74.201;N;N;N;N;N;N;N;N;N;N;N;N;N
5943;поручень 4.72.101;4.72.101;N;N;N;N;N;N;N;N;N;N;N;N;N
5944;поручень 4.72.201;4.72.201;N;N;N;N;N;N;N;N;N;N;N;N;N
5945;наличник 4.84.001;4.84.001;N;N;N;N;N;N;N;N;N;N;N;N;N
5946;наличник 4.84.002;4.84.002;N;N;N;N;N;N;N;N;N;N;N;N;N
5947;наличник 4.84.003;4.84.003;N;N;N;N;N;N;N;N;N;N;N;N;N
5948;наличник 4.84.051;4.84.051;N;N;N;N;N;N;N;N;N;N;N;N;N
5949;наличник 4.84.052;4.84.052;N;N;N;N;N;N;N;N;N;N;N;N;N
5950;наличник 4.84.053;4.84.053;N;N;N;N;N;N;N;N;N;N;N;N;N
5951;арочное обрамление 4.87.031;4.87.031;N;N;N;N;N;N;N;N;N;N;N;N;N
5952;арочное обрамление 4.87.032;4.87.032;N;N;N;N;N;N;N;N;N;N;N;N;N
5953;арочное обрамление 4.87.033;4.87.033;N;N;N;N;N;N;N;N;N;N;N;N;N
5954;замковый камень 4.85.001;4.85.001;N;N;N;N;N;N;N;N;N;N;N;N;N
5955;замковый камень 4.85.002;4.85.002;N;N;N;N;N;N;N;N;N;N;N;N;N
5956;замковый камень 4.85.003;4.85.003;N;N;N;N;N;N;N;N;N;N;N;N;N
5957;подоконный элемент 4.82.001;4.82.001;N;N;N;N;N;N;N;N;N;N;N;N;N
5958;подоконный элемент 4.82.002;4.82.002;N;N;N;N;N;N;N;N;N;N;N;N;N
5959;подоконный элемент 4.82.003;4.82.003;N;N;N;N;N;N;N;N;N;N;N;N;N
5960;подоконный элемент 4.82.101;4.82.101;N;N;N;N;N;N;N;N;N;N;N;N;N
5961;подоконный элемент 4.82.201;4.82.201;N;N;N;N;N;N;N;N;N;N;N;N;N
5962;подоконный элемент 4.82.202;4.82.202;N;N;N;N;N;N;N;N;N;N;N;N;N
5963;подоконный элемент 4.82.301;4.82.301;N;N;N;N;N;N;N;N;N;N;N;N;N
5964;подоконный элемент 4.82.302;4.82.302;N;N;N;N;N;N;N;N;N;N;N;N;N
5965;кронштейн-пьедестал 4.83.101;4.83.101;N;N;N;N;N;N;N;N;N;N;N;N;N
5966;кронштейн-пьедестал 4.83.102;4.83.102;N;N;N;N;N;N;N;N;N;N;N;N;N
5967;кронштейн-пьедестал 4.83.201;4.83.201;N;N;N;N;N;N;N;N;N;N;N;N;N
5968;кронштейн-пьедестал 4.83.202;4.83.202;N;N;N;N;N;N;N;N;N;N;N;N;N
5969;кронштейн-пьедестал 4.83.301;4.83.301;N;N;N;N;N;N;N;N;N;N;N;N;N
5970;кронштейн-пьедестал 4.83.302;4.83.302;N;N;N;N;N;N;N;N;N;N;N;N;N
5971;руст 4.86.003;4.86.003;N;N;N;N;N;N;N;N;N;N;N;N;N
5972;руст 4.86.004;4.86.004;N;N;N;N;N;N;N;N;N;N;N;N;N
5973;руст 4.86.005;4.86.005;N;N;N;N;N;N;N;N;N;N;N;N;N
5974;руст 4.86.001;4.86.001;N;N;N;N;N;N;N;N;N;N;N;N;N
5975;руст 4.86.002;4.86.002;N;N;N;N;N;N;N;N;N;N;N;N;N
5982;угловой элемент 1.52.361;1.52.361;N;Y;N;Y;N;N;N;N;N;N;N;N;N
5983;база 4.17.302;4.17.302;N;N;N;N;N;N;N;N;N;N;N;N;N
5984;база 4.53.201;4.53.201;N;N;N;N;N;N;N;N;N;N;N;N;N
5985;база 4.53.301;4.53.301;N;N;N;N;N;N;N;N;N;N;N;N;N
5986;база 4.17.101;4.17.101;N;N;N;N;N;N;N;N;N;N;N;N;N
5987;база 4.17.201;4.17.201;N;N;N;N;N;N;N;N;N;N;N;N;N
5988;база 4.17.202;4.17.202;N;N;N;N;N;N;N;N;N;N;N;N;N
5989;база 4.17.301;4.17.301;N;N;N;N;N;N;N;N;N;N;N;N;N
5990;база 4.23.101;4.23.101;N;N;N;N;N;N;N;N;N;N;N;N;N
5991;база 4.23.201;4.23.201;N;N;N;N;N;N;N;N;N;N;N;N;N
5992;база 4.23.301;4.23.301;N;N;N;N;N;N;N;N;N;N;N;N;N
5993;база 4.43.101;4.43.101;N;N;N;N;N;N;N;N;N;N;N;N;N
5994;база 4.43.201;4.43.201;N;N;N;N;N;N;N;N;N;N;N;N;N
5995;база 4.43.202;4.43.202;N;N;N;N;N;N;N;N;N;N;N;N;N
5996;база 4.43.301;4.43.301;N;N;N;N;N;N;N;N;N;N;N;N;N
5997;база 4.43.302;4.43.302;N;N;N;N;N;N;N;N;N;N;N;N;N
5998;база 4.47.101;4.47.101;N;N;N;N;N;N;N;N;N;N;N;N;N
5999;база 4.47.201;4.47.201;N;N;N;N;N;N;N;N;N;N;N;N;N
6000;база 4.47.202;4.47.202;N;N;N;N;N;N;N;N;N;N;N;N;N
6001;база 4.47.301;4.47.301;N;N;N;N;N;N;N;N;N;N;N;N;N
6002;база 4.47.302;4.47.302;N;N;N;N;N;N;N;N;N;N;N;N;N
6003;база 4.53.101;4.53.101;N;N;N;N;N;N;N;N;N;N;N;N;N
6004;база 4.53.302;4.53.302;N;N;N;N;N;N;N;N;N;N;N;N;N
6005;база 4.13.101;4.13.101;N;N;N;N;N;N;N;N;N;N;N;N;N
6006;база 4.13.201;4.13.201;N;N;N;N;N;N;N;N;N;N;N;N;N
6007;база 4.13.202;4.13.202;N;N;N;N;N;N;N;N;N;N;N;N;N
6008;база 4.13.301;4.13.301;N;N;N;N;N;N;N;N;N;N;N;N;N
6009;база 4.13.302;4.13.302;N;N;N;N;N;N;N;N;N;N;N;N;N
6010;база 4.17.002;4.17.002;N;N;N;N;N;N;N;N;N;N;N;N;N
6011;база 4.17.001;4.17.001;N;N;N;N;N;N;N;N;N;N;N;N;N
6012;капитель 4.51.301;4.51.301;N;N;N;N;N;N;N;N;N;N;N;N;N
6013;капитель 4.15.101;4.15.101;N;N;N;N;N;N;N;N;N;N;N;N;N
6014;капитель 4.15.201;4.15.201;N;N;N;N;N;N;N;N;N;N;N;N;N
6015;капитель 4.15.301;4.15.301;N;N;N;N;N;N;N;N;N;N;N;N;N
6016;капитель 4.21.101;4.21.101;N;N;N;N;N;N;N;N;N;N;N;N;N
6017;капитель 4.21.201;4.21.201;N;N;N;N;N;N;N;N;N;N;N;N;N
6018;капитель 4.21.301;4.21.301;N;N;N;N;N;N;N;N;N;N;N;N;N
6019;капитель 4.41.101;4.41.101;N;N;N;N;N;N;N;N;N;N;N;N;N
6020;капитель 4.41.201;4.41.201;N;N;N;N;N;N;N;N;N;N;N;N;N
6021;капитель 4.41.301;4.41.301;N;N;N;N;N;N;N;N;N;N;N;N;N
6022;капитель 4.45.101;4.45.101;N;N;N;N;N;N;N;N;N;N;N;N;N
6023;капитель 4.45.201;4.45.201;N;N;N;N;N;N;N;N;N;N;N;N;N
6024;капитель 4.45.301;4.45.301;N;N;N;N;N;N;N;N;N;N;N;N;N
6025;капитель 4.51.101;4.51.101;N;N;N;N;N;N;N;N;N;N;N;N;N
6026;капитель 4.51.201;4.51.201;N;N;N;N;N;N;N;N;N;N;N;N;N
6027;капитель 4.11.101;4.11.101;N;N;N;N;N;N;N;N;N;N;N;N;N
6028;капитель 4.11.201;4.11.201;N;N;N;N;N;N;N;N;N;N;N;N;N
6029;капитель 4.11.301;4.11.301;N;N;N;N;N;N;N;N;N;N;N;N;N
6030;капитель 4.15.102;4.15.102;N;N;N;N;N;N;N;N;N;N;N;N;N
6031;регул 4.37.101;4.37.101;N;N;N;N;N;N;N;N;N;N;N;N;N
6032;регул 4.07.101;4.07.101;N;N;N;N;N;N;N;N;N;N;N;N;N
6033;мутул 4.05.102;4.05.102;N;N;N;N;N;N;N;N;N;N;N;N;N
6034;мутул 4.35.102;4.35.102;N;N;N;N;N;N;N;N;N;N;N;N;N
6035;мутул 4.35.101;4.35.101;N;N;N;N;N;N;N;N;N;N;N;N;N
6036;мутул 4.05.101;4.05.101;N;N;N;N;N;N;N;N;N;N;N;N;N
6037;модильон 4.08.301;4.08.301;N;N;N;N;N;N;N;N;N;N;N;N;N
6038;модильон 4.08.302;4.08.302;N;N;N;N;N;N;N;N;N;N;N;N;N
6039;модильон 4.38.301;4.38.301;N;N;N;N;N;N;N;N;N;N;N;N;N
6040;модильон 4.38.302;4.38.302;N;N;N;N;N;N;N;N;N;N;N;N;N
6041;триглиф 4.36.101;4.36.101;N;N;N;N;N;N;N;N;N;N;N;N;N
6042;триглиф 4.06.101;4.06.101;N;N;N;N;N;N;N;N;N;N;N;N;N
6043;ствол 4.52.102;4.52.102;N;N;N;N;N;N;N;N;N;N;N;N;N
6044;ствол 4.52.301;4.52.301;N;N;N;N;N;N;N;N;N;N;N;N;N
6045;ствол 4.16.101;4.16.101;N;N;N;N;N;N;N;N;N;N;N;N;N
6046;ствол 4.16.102;4.16.102;N;N;N;N;N;N;N;N;N;N;N;N;N
6047;ствол 4.16.201;4.16.201;N;N;N;N;N;N;N;N;N;N;N;N;N
6048;ствол 4.16.202;4.16.202;N;N;N;N;N;N;N;N;N;N;N;N;N
6049;ствол 4.16.301;4.16.301;N;N;N;N;N;N;N;N;N;N;N;N;N
6050;ствол 4.22.101;4.22.101;N;N;N;N;N;N;N;N;N;N;N;N;N
6051;ствол 4.22.102;4.22.102;N;N;N;N;N;N;N;N;N;N;N;N;N
6052;ствол 4.22.201;4.22.201;N;N;N;N;N;N;N;N;N;N;N;N;N
6053;ствол 4.22.202;4.22.202;N;N;N;N;N;N;N;N;N;N;N;N;N
6054;ствол 4.22.301;4.22.301;N;N;N;N;N;N;N;N;N;N;N;N;N
6055;ствол 4.22.302;4.22.302;N;N;N;N;N;N;N;N;N;N;N;N;N
6056;ствол 4.42.101;4.42.101;N;N;N;N;N;N;N;N;N;N;N;N;N
6057;ствол 4.42.201;4.42.201;N;N;N;N;N;N;N;N;N;N;N;N;N
6058;ствол 4.42.301;4.42.301;N;N;N;N;N;N;N;N;N;N;N;N;N
6059;ствол 4.46.101;4.46.101;N;N;N;N;N;N;N;N;N;N;N;N;N
6060;ствол 4.46.201;4.46.201;N;N;N;N;N;N;N;N;N;N;N;N;N
6061;ствол 4.46.301;4.46.301;N;N;N;N;N;N;N;N;N;N;N;N;N
6062;ствол 4.52.101;4.52.101;N;N;N;N;N;N;N;N;N;N;N;N;N
6063;ствол 4.52.201;4.52.201;N;N;N;N;N;N;N;N;N;N;N;N;N
6064;ствол 4.52.202;4.52.202;N;N;N;N;N;N;N;N;N;N;N;N;N
6065;ствол 4.52.302;4.52.302;N;N;N;N;N;N;N;N;N;N;N;N;N
6066;верхний фрагмент ствола 4.16.001;4.16.001;N;N;N;N;N;N;N;N;N;N;N;N;N
6067;фрагмент ствола 4.16.002;4.16.002;N;N;N;N;N;N;N;N;N;N;N;N;N
6068;ствол 4.12.301;4.12.301;N;N;N;N;N;N;N;N;N;N;N;N;N
6069;ствол 4.12.101;4.12.101;N;N;N;N;N;N;N;N;N;N;N;N;N
6070;ствол 4.12.102;4.12.102;N;N;N;N;N;N;N;N;N;N;N;N;N
6071;ствол 4.12.202;4.12.202;N;N;N;N;N;N;N;N;N;N;N;N;N
6072;ствол 4.12.201;4.12.201;N;N;N;N;N;N;N;N;N;N;N;N;N
6104;E01.M.290 / Клей Европласт Монтажный 290 мл.;E01.M.290;N;N;N;N;N;N;N;N;N;N;N;N;N
6105;E04.U.290 / Клей Европласт универсальный 290 мл.;E04.U.290;N;N;N;N;N;N;N;N;N;N;N;N;N
6107;E02.S.290 / Клей Европласт стыковочный SMP 290 мл.;E02.S.290;N;N;N;N;N;N;N;N;N;N;N;N;N
6108;карниз 1.50.101;1.50.101;N;N;Y;N;N;Y;Y;N;N;N;N;N;N
6109;карниз 1.50.101 гибкий;1.50.101;Y;N;Y;N;N;Y;Y;N;N;N;N;N;N
6110;карниз 1.50.199 гибкий;1.50.199;Y;N;Y;N;N;N;Y;N;N;N;N;N;N
6111;карниз 1.50.199;1.50.199;N;N;Y;N;N;N;Y;N;N;N;N;N;N
6112;молдинг 1.51.353;1.51.353;N;Y;N;N;N;Y;N;N;N;N;N;N;N
6113;молдинг 1.51.353 гибкий;1.51.353;Y;Y;N;N;N;Y;N;N;N;N;N;N;N
6114;молдинг 1.51.356;1.51.356;N;N;Y;N;N;N;N;Y;Y;Y;N;N;N
6115;молдинг 1.51.356 гибкий;1.51.356;Y;N;Y;N;N;N;N;Y;Y;Y;N;N;N
6135;откос 4.88.001;4.88.001;N;N;N;N;N;N;N;N;N;N;N;N;N
6168;элемент камина 1.64.004;1.64.004;N;N;N;N;N;N;N;N;N;N;N;N;N
6169;элемент камина 1.64.005;1.64.005;N;N;N;N;N;N;N;N;N;N;N;N;N
6171;элемент камина 1.64.005;1.64.005;N;N;N;N;N;N;N;N;N;N;N;N;N
6172;карниз 1.50.108;1.50.108;N;N;Y;N;N;Y;Y;N;N;N;N;N;Y
6173;карниз 1.50.161;1.50.161;N;N;Y;N;N;N;Y;N;N;N;N;N;N
6174;карниз 1.50.179;1.50.179;N;N;Y;N;N;N;N;Y;Y;N;N;N;N
6175;карниз 1.50.189;1.50.189;N;Y;N;Y;N;N;N;N;N;N;N;N;N
6176;карниз 1.50.207;1.50.207;N;Y;N;N;N;N;N;Y;N;N;N;N;N
6177;карниз 1.50.274;1.50.274;N;Y;N;Y;N;N;N;N;N;N;N;N;N
6178;карниз 1.50.275;1.50.275;N;N;Y;N;N;N;Y;N;N;N;N;N;Y
6179;молдинг 1.51.346;1.51.346;N;N;Y;N;N;Y;N;N;N;N;N;N;N
6180;розетка 1.56.040;1.56.040;N;Y;N;Y;N;N;N;N;N;N;N;N;N
6181;розетка 1.56.041;1.56.041;N;Y;N;Y;N;N;N;N;N;N;N;N;N
6182;кронштейн 1.19.007;1.19.007;N;N;N;N;N;N;N;N;N;N;N;N;N
6183;кронштейн 1.19.008;1.19.008;N;N;N;N;N;N;N;N;N;N;N;N;N
6184;капитель 1.21.008;1.21.008;N;N;N;Y;N;Y;N;N;N;N;N;N;N
6185;ствол 1.22.050;1.22.050;N;N;N;Y;N;Y;N;N;N;N;N;N;N
6186;база 1.23.600;1.23.600;N;N;N;Y;N;Y;N;N;N;N;N;N;N
6188;карниз 4.91.001;4.91.001;N;N;N;N;N;N;N;N;N;N;N;N;N
6189;карниз 4.91.004;4.91.004;N;N;N;N;N;N;N;N;N;N;N;N;N
6194;карниз 1.50.208 гибкий;1.50.208;Y;Y;N;N;N;Y;N;N;N;N;N;Y;Y
6195;карниз 1.50.204 гибкий;1.50.204;Y;Y;N;N;N;Y;N;N;N;N;N;N;N
6196;карниз 1.50.189 гибкий;1.50.189;Y;Y;N;Y;N;N;N;N;N;N;N;N;N
6198;замковый камень 4.85.004;4.85.004;N;N;N;N;N;N;N;N;N;N;N;N;N
6199;замковый камень 4.85.005;4.85.005;N;N;N;N;N;N;N;N;N;N;N;N;N
6200;карниз 4.91.002;4.91.002;N;N;N;N;N;N;N;N;N;N;N;N;N
6201;наличник 4.84.005;4.84.005;N;N;N;N;N;N;N;N;N;N;N;N;N
6202;кронштейн-пьедестал 4.83.003;4.83.003;N;N;N;N;N;N;N;N;N;N;N;N;N
6206;молдинг 1.51.359;1.51.359;N;Y;N;N;N;N;Y;Y;N;N;N;N;N
6207;карниз 1.50.161 гибкий;1.50.161;Y;N;Y;N;N;N;Y;N;N;N;N;N;N
6208;молдинг 1.51.359 гибкий;1.51.359;Y;Y;N;N;N;N;Y;Y;N;N;N;N;N
6211;наличник 4.84.004;4.84.004;N;N;N;N;N;N;N;N;N;N;N;N;N
6212;наличник 4.84.006;4.84.006;N;N;N;N;N;N;N;N;N;N;N;N;N
6213;карниз 4.91.003;4.91.003;N;N;N;N;N;N;N;N;N;N;N;N;N
6214;карниз 4.91.005;4.91.005;N;N;N;N;N;N;N;N;N;N;N;N;N
6215;фриз 4.33.302;4.33.302;N;N;N;N;N;N;N;N;N;N;N;N;N
6216;кронштейн-пьедестал 4.83.002;4.83.002;N;N;N;N;N;N;N;N;N;N;N;N;N
6217;фрагмент ствола 4.16.002;4.16.002;N;N;N;N;N;N;N;N;N;N;N;N;N
6218;фрагмент ствола 4.16.002;4.16.002;N;N;N;N;N;N;N;N;N;N;N;N;N
6313;молдинг 1.51.346 гибкий;1.51.346;Y;N;Y;N;N;Y;N;N;N;N;N;N;N
6355;угловой элемент 1.52.322;1.52.322;N;N;Y;N;N;Y;N;N;N;N;N;N;N
6356;угловой элемент 1.52.348;1.52.348;N;Y;N;Y;N;N;N;N;N;N;N;N;N
6357;угловой элемент 1.52.286;1.52.286;N;N;Y;N;N;N;Y;Y;N;N;N;N;N
6358;угловой элемент 1.52.287;1.52.287;N;N;Y;N;N;N;Y;Y;N;N;N;N;N
6359;карниз 1.50.108 гибкий;1.50.108;Y;N;Y;N;N;Y;Y;N;N;N;N;N;Y
6362;карниз 1.50.279;1.50.279;N;Y;N;Y;N;N;N;N;N;N;N;N;N
6363;карниз 1.50.276;1.50.276;N;N;Y;N;N;N;N;Y;Y;N;N;N;Y
6364;карниз 1.50.276 гибкий;1.50.276;Y;N;Y;N;N;N;N;Y;Y;N;N;N;Y
6365;карниз 1.50.278;1.50.278;N;Y;N;N;N;N;Y;Y;N;N;N;N;N
6366;карниз 1.50.278 гибкий;1.50.278;Y;Y;N;N;N;N;Y;Y;N;N;N;N;N
6367;розетка 1.56.044;1.56.044;N;N;Y;N;N;N;Y;Y;Y;N;N;N;N
6368;молдинг 1.51.360;1.51.360;N;N;Y;N;N;N;N;Y;N;N;N;N;N
6369;молдинг 1.51.360 гибкий;1.51.360;Y;N;Y;N;N;N;N;Y;N;N;N;N;N
6370;молдинг 1.51.363;1.51.363;N;N;Y;N;N;N;N;Y;Y;N;N;N;N
6371;молдинг 1.51.363 гибкий;1.51.363;Y;N;Y;N;N;N;N;Y;Y;N;N;N;N
6372;молдинг 1.51.362;1.51.362;N;N;Y;N;N;N;N;Y;Y;N;Y;N;N
6373;молдинг 1.51.362 гибкий;1.51.362;Y;N;Y;N;N;N;N;Y;Y;N;Y;N;N
6374;молдинг 1.51.370;1.51.370;N;N;Y;N;N;N;N;Y;Y;N;N;N;N
6375;молдинг 1.51.370 гибкий;1.51.370;Y;N;Y;N;N;N;N;Y;Y;N;N;N;N
6376;плинтус 1.53.110;1.53.110;N;N;Y;N;N;N;N;Y;N;N;N;N;N
6377;плинтус 1.53.110 гибкий;1.53.110;Y;N;Y;N;N;N;N;Y;N;N;N;N;N
6380;карниз 1.50.179 гибкий;1.50.179;Y;N;Y;N;N;N;N;Y;Y;N;N;N;N
6381;карниз 1.50.207 гибкий;1.50.207;Y;Y;N;N;N;N;N;Y;N;N;N;N;N
6382;карниз 1.50.275 гибкий;1.50.275;Y;N;Y;N;N;N;Y;N;N;N;N;N;Y
6385;ствол 4.16.003;4.16.003;N;N;N;N;N;N;N;N;N;N;N;N;N
6386;ствол 4.16.004;4.16.004;N;N;N;N;N;N;N;N;N;N;N;N;N
6387;ствол 4.16.005;4.16.005;N;N;N;N;N;N;N;N;N;N;N;N;N
6388;капитель 4.15.202;4.15.202;N;N;N;N;N;N;N;N;N;N;N;N;N
6389;капитель 4.15.302;4.15.302;N;N;N;N;N;N;N;N;N;N;N;N;N
6390;капитель 4.11.102;4.11.102;N;N;N;N;N;N;N;N;N;N;N;N;N
6391;капитель 4.11.202;4.11.202;N;N;N;N;N;N;N;N;N;N;N;N;N
6392;капитель 4.11.302;4.11.302;N;N;N;N;N;N;N;N;N;N;N;N;N
6393;база 4.13.001;4.13.001;N;N;N;N;N;N;N;N;N;N;N;N;N
6394;ствол 4.12.001;4.12.001;N;N;N;N;N;N;N;N;N;N;N;N;N
6395;ствол 4.12.002;4.12.002;N;N;N;N;N;N;N;N;N;N;N;N;N
6396;ствол 4.12.003;4.12.003;N;N;N;N;N;N;N;N;N;N;N;N;N
6397;ствол 4.12.004;4.12.004;N;N;N;N;N;N;N;N;N;N;N;N;N
6398;ствол 4.12.005;4.12.005;N;N;N;N;N;N;N;N;N;N;N;N;N
6423;карниз 1.50.271 гибкий;1.50.271;Y;N;Y;N;N;N;N;Y;Y;N;N;N;Y
6424;карниз 1.50.274 гибкий;1.50.274;Y;Y;N;Y;N;N;N;N;N;N;N;N;N
6429;E03.S.60 / Клей Европласт стыковочный SMP 60 мл.;E03.S.60;N;N;N;N;N;N;N;N;N;N;N;N;N
6430;база 1.54.030;1.54.030;N;N;N;N;N;N;N;N;N;N;N;N;N
6431;квадрат 1.54.013;1.54.013;N;N;N;N;N;N;N;N;N;N;N;N;N
6432;квадрат 1.54.013;1.54.013;N;N;N;N;N;N;N;N;N;N;N;N;N
6433;база 1.54.030;1.54.030;N;N;N;N;N;N;N;N;N;N;N;N;N
6434;угловой элемент 1.52.285;1.52.285;N;Y;N;Y;N;N;N;N;N;N;N;N;N
6435;молдинг 1.51.367;1.51.367;N;N;Y;N;N;Y;N;N;N;N;N;N;N
6436;молдинг 1.51.367 гибкий;1.51.367;Y;N;Y;N;N;Y;N;N;N;N;N;N;N
6438;карниз 1.50.280;1.50.280;N;Y;N;Y;Y;N;N;N;N;N;N;N;N
6439;молдинг 1.51.368;1.51.368;N;Y;N;Y;Y;N;N;N;N;N;N;N;N
6440;орнамент 1.60.025;1.60.025;N;N;N;Y;Y;N;N;N;N;N;N;N;N
6441;орнамент 1.60.032;1.60.032;N;N;N;Y;N;N;N;N;N;N;N;N;N
6442;орнамент 1.60.020;1.60.020;N;N;N;Y;N;N;N;N;N;N;N;N;N
6443;орнамент 1.60.120;1.60.120;N;N;N;Y;N;N;N;N;N;N;N;N;N
6444;торцевой элемент 4.33.332;4.33.332;N;N;N;N;N;N;N;N;N;N;N;N;N
6445;торцевой элемент 4.31.232;4.31.232;N;N;N;N;N;N;N;N;N;N;N;N;N
6446;торцевой элемент 4.81.031;4.81.031;N;N;N;N;N;N;N;N;N;N;N;N;N
6447;торцевой элемент 4.81.032;4.81.032;N;N;N;N;N;N;N;N;N;N;N;N;N
6448;внешний угол 4.32.111;4.32.111;N;N;N;N;N;N;N;N;N;N;N;N;N
6449;внешний угол 4.32.312;4.32.312;N;N;N;N;N;N;N;N;N;N;N;N;N
6450;внешний угол 4.81.011;4.81.011;N;N;N;N;N;N;N;N;N;N;N;N;N
6451;внешний угол 4.81.012;4.81.012;N;N;N;N;N;N;N;N;N;N;N;N;N
6452;внутренний угол 4.31.222;4.31.222;N;N;N;N;N;N;N;N;N;N;N;N;N
6453;внутренний угол 4.32.221;4.32.221;N;N;N;N;N;N;N;N;N;N;N;N;N
6454;внутренний угол 4.81.021;4.81.021;N;N;N;N;N;N;N;N;N;N;N;N;N
6455;внутренний угол 4.81.022;4.81.022;N;N;N;N;N;N;N;N;N;N;N;N;N
6456;опорный блок 4.78.101;4.78.101;N;N;N;N;N;N;N;N;N;N;N;N;N
6457;полукрышка 4.73.211;4.73.211;N;N;N;N;N;N;N;N;N;N;N;N;N
6458;полукрышка пирамида 4.76.111;4.76.111;N;N;N;N;N;N;N;N;N;N;N;N;N
6459;полуоснование 4.74.111;4.74.111;N;N;N;N;N;N;N;N;N;N;N;N;N
6460;полупоручень 4.72.111;4.72.111;N;N;N;N;N;N;N;N;N;N;N;N;N
6461;полустолб 4.75.111;4.75.111;N;N;N;N;N;N;N;N;N;N;N;N;N
6462;полустолб 4.75.211;4.75.211;N;N;N;N;N;N;N;N;N;N;N;N;N
6463;торцевой элемент 4.02.331;4.02.331;N;N;N;N;N;N;N;N;N;N;N;N;N
6464;торцевой элемент 4.03.131;4.03.131;N;N;N;N;N;N;N;N;N;N;N;N;N
6465;торцевой элемент 4.03.132;4.03.132;N;N;N;N;N;N;N;N;N;N;N;N;N
6466;торцевой элемент 4.03.332;4.03.332;N;N;N;N;N;N;N;N;N;N;N;N;N
6467;полубалясина 4.71.111;4.71.111;N;N;N;N;N;N;N;N;N;N;N;N;N
6468;полубалясина 4.71.211;4.71.211;N;N;N;N;N;N;N;N;N;N;N;N;N
6469;торцевой элемент 4.33.331;4.33.331;N;N;N;N;N;N;N;N;N;N;N;N;N
6470;торцевой элемент 4.34.131;4.34.131;N;N;N;N;N;N;N;N;N;N;N;N;N
6471;торцевой элемент 4.34.231;4.34.231;N;N;N;N;N;N;N;N;N;N;N;N;N
6472;внутренний угол 4.32.322;4.32.322;N;N;N;N;N;N;N;N;N;N;N;N;N
6473;торцевой элемент 4.32.331;4.32.331;N;N;N;N;N;N;N;N;N;N;N;N;N
6474;торцевой элемент 4.32.332;4.32.332;N;N;N;N;N;N;N;N;N;N;N;N;N
6475;торцевой элемент 4.33.132;4.33.132;N;N;N;N;N;N;N;N;N;N;N;N;N
6476;торцевой элемент 4.33.232;4.33.232;N;N;N;N;N;N;N;N;N;N;N;N;N
6477;торцевой элемент 4.04.331;4.04.331;N;N;N;N;N;N;N;N;N;N;N;N;N
6478;внешний угол 4.01.111;4.01.111;N;N;N;N;N;N;N;N;N;N;N;N;N
6479;внешний угол 4.01.113;4.01.113;N;N;N;N;N;N;N;N;N;N;N;N;N
6480;внешний угол 4.01.211;4.01.211;N;N;N;N;N;N;N;N;N;N;N;N;N
6481;внешний угол 4.01.212;4.01.212;N;N;N;N;N;N;N;N;N;N;N;N;N
6482;внешний угол 4.01.311;4.01.311;N;N;N;N;N;N;N;N;N;N;N;N;N
6483;внешний угол 4.02.111;4.02.111;N;N;N;N;N;N;N;N;N;N;N;N;N
6484;внешний угол 4.02.211;4.02.211;N;N;N;N;N;N;N;N;N;N;N;N;N
6485;внешний угол 4.02.311;4.02.311;N;N;N;N;N;N;N;N;N;N;N;N;N
6486;внутренний угол 4.01.121;4.01.121;N;N;N;N;N;N;N;N;N;N;N;N;N
6487;внутренний угол 4.01.123;4.01.123;N;N;N;N;N;N;N;N;N;N;N;N;N
6488;внутренний угол 4.01.221;4.01.221;N;N;N;N;N;N;N;N;N;N;N;N;N
6489;внутренний угол 4.01.222;4.01.222;N;N;N;N;N;N;N;N;N;N;N;N;N
6490;внутренний угол 4.01.321;4.01.321;N;N;N;N;N;N;N;N;N;N;N;N;N
6491;внутренний угол 4.01.322;4.01.322;N;N;N;N;N;N;N;N;N;N;N;N;N
6492;внутренний угол 4.02.121;4.02.121;N;N;N;N;N;N;N;N;N;N;N;N;N
6498;карниз 1.50.284;1.50.284;N;Y;N;Y;N;N;N;N;N;N;N;N;N
6499;карниз 1.50.284 гибкий;1.50.284;Y;Y;N;Y;N;N;N;N;N;N;N;N;N
6500;карниз 1.50.283;1.50.283;N;Y;N;N;N;Y;N;N;N;N;N;N;Y
6501;МОНТАЖНЫЙ КОМПЛЕКТ;m_comp_b201;N;N;N;N;N;N;N;N;N;N;N;N;N
6502;внешний угол 4.32.212;4.32.212;N;N;N;N;N;N;N;N;N;N;N;N;N
6503;внутренний угол 4.32.121;4.32.121;N;N;N;N;N;N;N;N;N;N;N;N;N
6504;торцевой элемент 4.32.131;4.32.131;N;N;N;N;N;N;N;N;N;N;N;N;N
6515;полукрышка 4.73.111;4.73.111;N;N;N;N;N;N;N;N;N;N;N;N;N
6516;полупоручень 4.72.211;4.72.211;N;N;N;N;N;N;N;N;N;N;N;N;N
6517;полуоснование 4.74.211;4.74.211;N;N;N;N;N;N;N;N;N;N;N;N;N
6518;полукрышка пирамида 4.76.211;4.76.211;N;N;N;N;N;N;N;N;N;N;N;N;N
6538;орнамент 1.60.026;1.60.026;N;N;N;Y;N;N;N;N;N;N;N;N;N
6539;орнамент 1.60.029;1.60.029;N;N;N;Y;N;N;N;N;N;N;N;N;N
6540;карниз 1.50.281;1.50.281;N;Y;N;Y;Y;N;N;N;N;N;N;N;N
6541;молдинг 1.51.374;1.51.374;N;N;Y;N;N;N;N;Y;Y;N;N;N;N
6542;молдинг 1.51.374 гибкий;1.51.374;Y;N;Y;N;N;N;N;Y;Y;N;N;N;N
6544;внешний угол 4.32.311;4.32.311;N;N;N;N;N;N;N;N;N;N;N;N;N
6545;внутренний угол 4.32.321;4.32.321;N;N;N;N;N;N;N;N;N;N;N;N;N
6546;торцевой элемент 4.32.231;4.32.231;N;N;N;N;N;N;N;N;N;N;N;N;N
6547;орнамент 1.60.021;1.60.021;N;N;N;Y;Y;N;N;N;N;N;N;N;N
6548;орнамент 1.60.022;1.60.022;N;N;N;Y;N;N;N;N;N;N;N;N;N
6549;орнамент 1.60.024;1.60.024;N;N;N;Y;N;N;N;N;N;N;N;N;N
6550;орнамент 1.60.027;1.60.027;N;N;N;Y;N;N;N;N;N;N;N;N;N
6551;орнамент 1.60.028;1.60.028;N;N;N;Y;N;N;N;N;N;N;N;N;N
6552;кронштейн 1.19.010;1.19.010;N;N;N;N;N;N;N;N;N;N;N;N;N
6553;карниз 1.50.285;1.50.285;N;Y;N;Y;N;N;N;N;N;N;N;N;N
6554;карниз 1.50.286;1.50.286;N;N;Y;N;N;N;Y;N;N;N;N;N;N
6555;карниз 1.50.282;1.50.282;N;Y;N;Y;N;N;N;N;N;N;N;N;Y
6564;карниз 1.50.286 гибкий;1.50.286;Y;N;Y;N;N;N;Y;N;N;N;N;N;N
6565;карниз 1.50.288;1.50.288;N;N;Y;N;N;N;N;Y;N;N;N;N;Y
6566;молдинг 1.51.375;1.51.375;N;N;Y;N;N;Y;N;N;N;N;N;N;N
6581;карниз 1.50.288 гибкий;1.50.288;Y;N;Y;N;N;N;N;Y;N;N;N;N;Y
6582;карниз 1.50.280 гибкий;1.50.280;Y;Y;N;Y;Y;N;N;N;N;N;N;N;N
6583;орнамент 1.60.034;1.60.034;N;N;N;Y;N;N;N;N;N;N;N;N;N
6584;молдинг 1.51.373;1.51.373;N;Y;N;Y;N;N;N;N;N;N;N;N;N
6585;орнамент 1.60.033;1.60.033;N;N;N;Y;N;N;N;N;N;N;N;N;N
6586;орнамент 1.60.030;1.60.030;N;N;N;Y;Y;N;N;N;N;N;N;N;N
6587;карниз 1.50.277;1.50.277;N;N;Y;N;N;N;Y;Y;N;N;N;N;N
6588;розетка 1.56.008;1.56.008;N;Y;N;N;N;Y;N;N;N;N;N;N;N
6589;орнамент 1.60.031;1.60.031;N;N;N;Y;N;N;N;N;N;N;N;N;N
6590;орнамент 1.60.123;1.60.123;N;N;N;Y;N;N;N;N;N;N;N;N;N
6591;орнамент 1.60.023;1.60.023;N;N;N;Y;N;N;N;N;N;N;N;N;N
6594;ствол 4.16.004;4.16.004;N;N;N;N;N;N;N;N;N;N;N;N;N
6595;ствол 4.16.004;4.16.004;N;N;N;N;N;N;N;N;N;N;N;N;N
6598;база 4.13.002;4.13.002;N;N;N;N;N;N;N;N;N;N;N;N;N
6599;ствол 4.12.002;4.12.002;N;N;N;N;N;N;N;N;N;N;N;N;N
6600;ствол 4.12.002;4.12.002;N;N;N;N;N;N;N;N;N;N;N;N;N
6601;ствол 4.12.004;4.12.004;N;N;N;N;N;N;N;N;N;N;N;N;N
6602;ствол 4.12.004;4.12.004;N;N;N;N;N;N;N;N;N;N;N;N;N
6611;карниз 1.50.273 гибкий;1.50.273;Y;N;Y;N;N;Y;N;N;N;Y;N;N;Y
6612;молдинг 1.51.375 гибкий;1.51.375;Y;N;Y;N;N;Y;N;N;N;N;N;N;N
6613;внешний угол 4.01.312;4.01.312;N;N;N;N;N;N;N;N;N;N;N;N;N
6614;сандрик 4.89.001;4.89.001;N;N;N;N;N;N;N;N;N;N;N;N;N
6615;орнамент 4.99.001;4.99.001;N;N;N;N;N;N;N;N;N;N;N;N;N
6616;орнамент 4.99.002;4.99.002;N;N;N;N;N;N;N;N;N;N;N;N;N
6617;внутренний угол 4.02.221;4.02.221;N;N;N;N;N;N;N;N;N;N;N;N;N
6618;внутренний угол 4.02.321;4.02.321;N;N;N;N;N;N;N;N;N;N;N;N;N
6619;торцевой элемент 4.34.332;4.34.332;N;N;N;N;N;N;N;N;N;N;N;N;N
6620;торцевой элемент 4.34.232;4.34.232;N;N;N;N;N;N;N;N;N;N;N;N;N
6621;торцевой элемент 4.01.131;4.01.131;N;N;N;N;N;N;N;N;N;N;N;N;N
6622;торцевой элемент 4.34.132;4.34.132;N;N;N;N;N;N;N;N;N;N;N;N;N
6623;торцевой элемент 4.32.232;4.32.232;N;N;N;N;N;N;N;N;N;N;N;N;N
6624;торцевой элемент 4.01.133;4.01.133;N;N;N;N;N;N;N;N;N;N;N;N;N
6625;торцевой элемент 4.01.231;4.01.231;N;N;N;N;N;N;N;N;N;N;N;N;N
6626;внутренний угол 4.32.222;4.32.222;N;N;N;N;N;N;N;N;N;N;N;N;N
6627;торцевой элемент 4.01.232;4.01.232;N;N;N;N;N;N;N;N;N;N;N;N;N
6628;внешний угол 4.32.211;4.32.211;N;N;N;N;N;N;N;N;N;N;N;N;N
6629;торцевой элемент 4.01.331;4.01.331;N;N;N;N;N;N;N;N;N;N;N;N;N
6630;торцевой элемент 4.34.331;4.34.331;N;N;N;N;N;N;N;N;N;N;N;N;N
6631;торцевой элемент 4.01.332;4.01.332;N;N;N;N;N;N;N;N;N;N;N;N;N
6632;торцевой элемент 4.33.231;4.33.231;N;N;N;N;N;N;N;N;N;N;N;N;N
6633;торцевой элемент 4.33.131;4.33.131;N;N;N;N;N;N;N;N;N;N;N;N;N
6634;торцевой элемент 4.31.332;4.31.332;N;N;N;N;N;N;N;N;N;N;N;N;N
6635;торцевой элемент 4.31.331;4.31.331;N;N;N;N;N;N;N;N;N;N;N;N;N
6636;торцевой элемент 4.31.231;4.31.231;N;N;N;N;N;N;N;N;N;N;N;N;N
6637;торцевой элемент 4.02.131;4.02.131;N;N;N;N;N;N;N;N;N;N;N;N;N
6638;торцевой элемент 4.31.131;4.31.131;N;N;N;N;N;N;N;N;N;N;N;N;N
6639;торцевой элемент 4.02.231;4.02.231;N;N;N;N;N;N;N;N;N;N;N;N;N
6640;внутренний угол 4.31.322;4.31.322;N;N;N;N;N;N;N;N;N;N;N;N;N
6642;внутренний угол 4.31.321;4.31.321;N;N;N;N;N;N;N;N;N;N;N;N;N
6643;торцевой элемент 4.03.231;4.03.231;N;N;N;N;N;N;N;N;N;N;N;N;N
6644;внутренний угол 4.31.221;4.31.221;N;N;N;N;N;N;N;N;N;N;N;N;N
6645;внутренний угол 4.31.121;4.31.121;N;N;N;N;N;N;N;N;N;N;N;N;N
6646;торцевой элемент 4.03.232;4.03.232;N;N;N;N;N;N;N;N;N;N;N;N;N
6647;торцевой элемент 4.03.331;4.03.331;N;N;N;N;N;N;N;N;N;N;N;N;N
6648;внешний угол 4.31.312;4.31.312;N;N;N;N;N;N;N;N;N;N;N;N;N
6649;торцевой элемент 4.04.131;4.04.131;N;N;N;N;N;N;N;N;N;N;N;N;N
6650;внешний угол 4.31.311;4.31.311;N;N;N;N;N;N;N;N;N;N;N;N;N
6651;торцевой элемент 4.04.132;4.04.132;N;N;N;N;N;N;N;N;N;N;N;N;N
6652;внешний угол 4.31.212;4.31.212;N;N;N;N;N;N;N;N;N;N;N;N;N
6653;торцевой элемент 4.04.231;4.04.231;N;N;N;N;N;N;N;N;N;N;N;N;N
6654;внешний угол 4.31.211;4.31.211;N;N;N;N;N;N;N;N;N;N;N;N;N
6655;торцевой элемент 4.04.232;4.04.232;N;N;N;N;N;N;N;N;N;N;N;N;N
6656;внешний угол 4.31.111;4.31.111;N;N;N;N;N;N;N;N;N;N;N;N;N
6657;торцевой элемент 4.04.332;4.04.332;N;N;N;N;N;N;N;N;N;N;N;N;N
6658;торцевой элемент 4.82.031;4.82.031;N;N;N;N;N;N;N;N;N;N;N;N;N
6659;арочное обрамление 4.87.031 гибкий;4.87.031;Y;N;N;N;N;N;N;N;N;N;N;N;N
6660;арочное обрамление 4.87.032 гибкий;4.87.032;Y;N;N;N;N;N;N;N;N;N;N;N;N
6661;арочное обрамление 4.87.033 гибкий;4.87.033;Y;N;N;N;N;N;N;N;N;N;N;N;N
6662;карниз 1.50.281 гибкий;1.50.281;Y;Y;N;Y;Y;N;N;N;N;N;N;N;N
6663;карниз 1.50.282 гибкий;1.50.282;Y;Y;N;Y;N;N;N;N;N;N;N;N;Y
6664;молдинг 1.51.368 гибкий;1.51.368;Y;Y;N;Y;Y;N;N;N;N;N;N;N;N
6665;молдинг 1.51.364;1.51.364;N;Y;N;Y;Y;N;N;N;N;N;N;N;N
6666;элемент камина 1.64.001;1.64.001;N;N;N;N;N;N;N;N;N;N;N;N;N
6667;элемент камина 1.64.002;1.64.002;N;N;N;N;N;N;N;N;N;N;N;N;N
6668;элемент камина 1.64.003;1.64.003;N;N;N;N;N;N;N;N;N;N;N;N;N
6670;карниз 1.50.277 гибкий;1.50.277;Y;N;Y;N;N;N;Y;Y;N;N;N;N;N
6671;молдинг 1.51.373 гибкий;1.51.373;Y;Y;N;Y;N;N;N;N;N;N;N;N;N
6672;розетка 1.56.050;1.56.050;N;N;Y;N;N;N;Y;Y;N;N;N;N;N
6674;архитрав 1.26.001 гибкий;1.26.001;Y;N;Y;N;N;N;N;N;N;N;N;N;N
6675;архитрав 1.26.002 гибкий;1.26.002;Y;N;Y;N;N;N;N;N;N;N;N;N;N
6676;архитрав 1.26.003 гибкий;1.26.003;Y;N;Y;N;N;N;N;N;N;N;N;N;N
6683;розетка 1.56.047;1.56.047;N;Y;N;Y;N;N;N;N;N;N;N;N;N
6684;кронштейн 1.19.011;1.19.011;N;N;N;N;N;N;N;N;N;N;N;N;N
6707;молдинг 1.51.369;1.51.369;N;Y;N;Y;N;N;N;N;N;N;N;N;N
6708;молдинг 1.51.376;1.51.376;N;Y;N;N;N;N;N;Y;N;N;N;N;N
6709;розетка 1.56.045;1.56.045;N;Y;N;Y;N;N;N;N;N;N;N;N;N
6710;угловой элемент 1.52.352;1.52.352;N;Y;N;Y;Y;N;N;N;N;N;N;N;N
6711;кронштейн 1.19.009;1.19.009;N;N;N;N;N;N;N;N;N;N;N;N;N
6736;орнамент 1.60.037;1.60.037;N;N;N;Y;N;N;N;N;N;N;N;N;N
6737;орнамент 1.60.038;1.60.038;N;N;N;Y;N;N;N;N;N;N;N;N;N
6738;орнамент 1.60.039;1.60.039;N;N;N;Y;N;N;N;N;N;N;N;N;N
6739;орнамент 1.60.040;1.60.040;N;N;N;Y;N;N;N;N;N;N;N;N;N
6740;наличник 1.54.014;1.54.014;N;N;N;N;N;N;N;N;N;N;N;N;N
6741;розетка 1.56.043;1.56.043;N;Y;N;Y;N;N;N;N;N;N;N;N;N
6742;розетка 1.56.048;1.56.048;N;Y;N;Y;N;N;N;N;N;N;N;N;N
6743;розетка 1.56.049;1.56.049;N;Y;N;Y;N;N;N;N;N;N;N;N;N
6749;карниз 1.50.290;1.50.290;N;Y;N;Y;N;N;N;N;N;N;N;N;N
6750;угловой элемент 1.52.375;1.52.375;N;Y;N;Y;N;N;N;N;N;N;N;N;N
6751;кронштейн 1.19.013;1.19.013;N;N;N;N;N;N;N;N;N;N;N;N;N
6755;молдинг 1.51.338;1.51.338;N;Y;N;N;N;N;Y;Y;N;N;N;N;N
6756;угловой элемент 1.52.376;1.52.376;N;Y;N;N;N;N;N;Y;N;N;N;N;N
6757;орнамент 1.60.035;1.60.035;N;N;N;Y;N;N;N;N;N;N;N;N;N
6758;орнамент 1.60.135;1.60.135;N;N;N;Y;N;N;N;N;N;N;N;N;N
6761;угловой элемент 1.52.283;1.52.283;N;Y;N;Y;N;N;N;N;N;N;N;N;N
6762;угловой элемент 1.52.284;1.52.284;N;Y;N;Y;N;N;N;N;N;N;N;N;N
6763;кронштейн 1.19.012;1.19.012;N;N;N;N;N;N;N;N;N;N;N;N;N
6764;розетка 1.56.046;1.56.046;N;Y;N;Y;Y;N;N;N;N;N;N;N;N
6765;карниз 1.50.225;1.50.225;N;N;Y;N;N;N;N;Y;Y;N;Y;Y;Y
6766;карниз 1.50.226;1.50.226;N;N;Y;N;N;N;N;N;Y;N;N;Y;Y
6767;орнамент 1.60.036;1.60.036;N;N;N;Y;Y;N;N;N;N;N;N;N;N
6768;карниз 1.50.289;1.50.289;N;Y;N;N;N;Y;N;N;N;N;N;N;Y
6770;карниз 1.50.283 гибкий;1.50.283;Y;Y;N;N;N;Y;N;N;N;N;N;N;Y
6771;карниз 1.50.206;1.50.206;N;Y;N;Y;N;N;N;N;N;N;N;N;N
6772;кронштейн 1.19.014;1.19.014;N;N;N;N;N;N;N;N;N;N;N;N;N
6773;карниз 1.50.295;1.50.295;N;N;Y;N;N;N;N;Y;N;N;N;N;N
6783;карниз 1.50.293;1.50.293;N;N;Y;N;N;Y;N;N;N;Y;N;N;N
6784;карниз 1.50.294;1.50.294;N;N;Y;N;N;Y;N;N;N;Y;N;N;N
6785;карниз 1.50.279 гибкий;1.50.279;Y;Y;N;Y;N;N;N;N;N;N;N;N;N
6786;карниз 1.50.293 гибкий;1.50.293;Y;N;Y;N;N;Y;N;N;N;Y;N;N;N
6787;карниз 1.50.294 гибкий;1.50.294;Y;N;Y;N;N;Y;N;N;N;Y;N;N;N
6807;карниз 1.50.290 гибкий;1.50.290;Y;Y;N;Y;N;N;N;N;N;N;N;N;N
6808;карниз 1.50.289 гибкий;1.50.289;Y;Y;N;N;N;Y;N;N;N;N;N;N;Y
6809;карниз 1.50.206 гибкий;1.50.206;Y;Y;N;Y;N;N;N;N;N;N;N;N;N
6810;карниз 1.50.295 гибкий;1.50.295;Y;N;Y;N;N;N;N;Y;N;N;N;N;N
6811;молдинг 1.51.376 гибкий;1.51.376;Y;Y;N;N;N;N;N;Y;N;N;N;N;N
6812;молдинг 1.51.338 гибкий;1.51.338;Y;Y;N;N;N;N;Y;Y;N;N;N;N;N
6817;кронштейн 1.19.018;1.19.018;N;N;N;N;N;N;N;N;N;N;N;N;N
6818;молдинг 1.51.382;1.51.382;N;Y;N;N;N;N;N;Y;N;N;N;N;N
6819;молдинг 1.51.377;1.51.377;N;N;Y;N;N;Y;N;N;N;Y;N;N;N
6820;молдинг 1.51.379;1.51.379;N;N;Y;N;N;Y;N;N;N;Y;N;N;N
6821;карниз 1.50.272;1.50.272;N;Y;N;N;N;Y;N;N;N;Y;N;N;N
6823;молдинг 1.51.379 гибкий;1.51.379;Y;N;Y;N;N;Y;N;N;N;Y;N;N;N
6824;карниз 1.50.272 гибкий;1.50.272;Y;Y;N;N;N;Y;N;N;N;Y;N;N;N
6826;молдинг 1.51.371;1.51.371;N;Y;N;Y;Y;N;N;N;N;N;N;N;N
6827;карниз 1.50.292;1.50.292;N;N;Y;N;N;Y;N;N;N;Y;N;N;N
6828;карниз 1.50.292 гибкий;1.50.292;Y;N;Y;N;N;Y;N;N;N;Y;N;N;N
6829;карниз 1.50.225 гибкий;1.50.225;Y;N;Y;N;N;N;N;Y;Y;N;Y;Y;Y
6830;карниз 1.50.226 гибкий;1.50.226;Y;N;Y;N;N;N;N;N;Y;N;N;Y;Y
6835;молдинг 1.51.378;1.51.378;N;N;Y;N;N;Y;N;N;N;Y;N;N;N
6836;розетка 1.56.052;1.56.052;N;Y;N;Y;N;N;N;N;N;N;N;N;N
6837;квадрат 1.54.017;1.54.017;N;N;N;N;N;N;N;N;N;N;N;N;N
8330;молдинг 1.51.378 гибкий;1.51.378;Y;N;Y;N;N;Y;N;N;N;Y;N;N;N
8331;молдинг 1.51.377 гибкий;1.51.377;Y;N;Y;N;N;Y;N;N;N;Y;N;N;N
8332;молдинг 1.51.382 гибкий;1.51.382;Y;Y;N;N;N;N;N;Y;N;N;N;N;N
8981;кронштейн 1.19.015;1.19.015;N;N;N;N;N;N;N;N;N;N;N;N;N
12094;карниз 1.50.298;1.50.298;N;N;Y;N;N;N;Y;N;Y;N;N;N;N
12104;молдинг 1.51.372;1.51.372;N;Y;N;Y;N;N;N;N;N;N;N;N;N
13520;карниз 1.50.296;1.50.296;N;N;Y;N;N;N;Y;N;Y;N;N;N;N
14598;угловой элемент 1.52.299;1.52.299;N;Y;N;Y;N;N;N;N;N;N;N;N;N
14599;угловой элемент 1.52.279;1.52.279;N;Y;N;Y;N;N;N;N;N;N;N;N;N
14600;молдинг 1.51.365;1.51.365;N;Y;N;Y;Y;N;N;N;N;N;N;N;N
14781;плинтус 1.53.108;1.53.108;N;N;Y;N;N;Y;N;N;N;N;N;N;N
17562;кронштейн 1.19.016;1.19.016;N;N;N;N;N;N;N;N;N;N;N;N;N
17563;розетка 1.56.053;1.56.053;N;Y;N;Y;Y;N;N;N;N;N;N;N;N
21020;карниз 1.50.227;1.50.227;N;N;Y;N;N;N;N;Y;Y;N;N;Y;Y
21021;молдинг 1.51.385;1.51.385;N;N;Y;N;N;N;N;Y;Y;N;Y;N;N
21022;наличник 1.54.015;1.54.015;N;N;N;N;N;N;N;N;N;N;N;N;N
21023;сандрик 1.63.003;1.63.003;N;N;N;N;N;N;N;N;N;N;N;N;N
21126;плинтус 1.53.108 гибкий;1.53.108;Y;N;Y;N;N;Y;N;N;N;N;N;N;N
21618;карниз 1.50.299;1.50.299;N;N;Y;N;N;Y;N;N;N;N;N;N;Y
21619;карниз 1.50.297;1.50.297;N;N;Y;N;N;N;N;N;N;N;Y;N;N
21620;молдинг 1.51.383;1.51.383;N;N;Y;N;N;Y;N;N;N;N;N;N;N
21621;молдинг 1.51.384;1.51.384;N;N;Y;N;N;N;Y;N;N;N;N;N;N
21623;розетка 1.56.055;1.56.055;N;Y;N;Y;N;N;N;N;N;N;N;N;N
22331;наличник 1.54.016;1.54.016;N;N;N;N;N;N;N;N;N;N;N;N;N
22334;молдинг 1.51.385 гибкий;1.51.385;Y;N;Y;N;N;N;N;Y;Y;N;Y;N;N
22339;карниз 1.50.298 гибкий;1.50.298;Y;N;Y;N;N;N;Y;N;Y;N;N;N;N
26629;карниз 1.50.249;1.50.249;N;N;Y;N;N;N;N;N;Y;N;N;N;Y
27652;розетка 1.56.054;1.56.054;N;Y;N;Y;Y;N;N;N;N;N;N;N;N
28243;карниз 1.50.299 гибкий;1.50.299;Y;N;Y;N;N;Y;N;N;N;N;N;N;Y
28244;карниз 1.50.297 гибкий;1.50.297;Y;N;Y;N;N;N;N;N;N;N;Y;N;N
28245;молдинг 1.51.384 гибкий;1.51.384;Y;N;Y;N;N;N;Y;N;N;N;N;N;N
29278;карниз 1.50.215;1.50.215;N;N;Y;N;N;N;Y;N;N;N;N;Y;Y
29860;плинтус 1.53.111;1.53.111;N;N;Y;N;N;Y;N;N;N;Y;N;N;N
31363;карниз 1.50.216;1.50.216;N;Y;N;N;N;Y;N;N;N;N;N;Y;Y
31409;розетка 1.56.057;1.56.057;N;Y;N;Y;Y;N;N;N;N;N;N;N;N
33172;кронштейн 1.19.017;1.19.017;N;N;N;N;N;N;N;N;N;N;N;N;N
33407;карниз 1.50.228;1.50.228;N;N;Y;N;N;N;N;Y;N;N;N;Y;Y
36930;карниз 1.50.249 гибкий;1.50.249;Y;N;Y;N;N;N;N;N;Y;N;N;N;Y
37766;розетка 1.56.056;1.56.056;N;Y;N;N;N;N;N;N;N;N;N;N;N
38420;декоративная панель 1.59.003;1.59.003;N;N;N;N;N;N;N;Y;Y;N;N;N;N
38421;декоративная панель 1.59.004;1.59.004;N;N;N;N;N;Y;N;N;N;N;N;N;N
38422;декоративная панель 1.59.005;1.59.005;N;N;N;N;N;Y;N;N;N;N;N;N;N
42718;карниз 1.50.215 гибкий;1.50.215;Y;N;Y;N;N;N;Y;N;N;N;N;Y;Y
42720;карниз 1.50.216 гибкий;1.50.216;Y;Y;N;N;N;Y;N;N;N;N;N;Y;Y
43862;торцевой элемент 4.82.032;4.82.032;N;N;N;N;N;N;N;N;N;N;N;N;N
43863;торцевой элемент 4.82.131;4.82.131;N;N;N;N;N;N;N;N;N;N;N;N;N
43864;торцевой элемент 4.82.231;4.82.231;N;N;N;N;N;N;N;N;N;N;N;N;N
43865;торцевой элемент 4.82.232;4.82.232;N;N;N;N;N;N;N;N;N;N;N;N;N
43866;торцевой элемент 4.82.332;4.82.332;N;N;N;N;N;N;N;N;N;N;N;N;N
43867;торцевой элемент 4.82.331;4.82.331;N;N;N;N;N;N;N;N;N;N;N;N;N
43868;торцевой элемент 4.82.033;4.82.033;N;N;N;N;N;N;N;N;N;N;N;N;N
47206;карниз 1.50.229;1.50.229;N;N;Y;N;N;N;N;Y;Y;N;N;Y;Y
47207;карниз 1.50.621;1.50.621;N;N;Y;N;N;N;Y;N;Y;N;N;Y;Y
47208;карниз 1.50.622;1.50.622;N;N;Y;N;N;N;Y;N;Y;N;N;Y;Y
47209;карниз 1.50.623;1.50.623;N;N;Y;N;N;N;N;Y;Y;N;N;Y;Y
47210;карниз 1.50.624;1.50.624;N;N;Y;N;N;N;N;Y;Y;N;N;Y;Y
47211;молдинг 1.51.601;1.51.601;N;N;Y;N;N;N;N;Y;Y;N;N;N;N
47212;молдинг 1.51.602;1.51.602;N;N;Y;N;N;N;N;Y;Y;N;N;N;N
47213;молдинг 1.51.603;1.51.603;N;N;Y;N;N;N;N;Y;Y;N;N;N;N
47214;молдинг 1.51.604;1.51.604;N;N;Y;N;N;N;N;Y;Y;N;N;N;N
47215;молдинг 1.51.605;1.51.605;N;N;Y;N;N;N;N;Y;Y;N;N;Y;N
47216;молдинг 1.51.606;1.51.606;N;N;Y;N;N;N;N;Y;Y;N;N;Y;N
48388;карниз 1.50.227 гибкий;1.50.227;Y;N;Y;N;N;N;N;Y;Y;N;N;Y;Y
48390;молдинг 1.51.386;1.51.386;N;N;Y;N;N;Y;N;N;N;Y;N;N;N
48392;плинтус 1.53.112;1.53.112;N;N;Y;N;N;Y;N;N;N;Y;N;N;N
65559;молдинг 1.51.387;1.51.387;N;N;Y;N;N;N;N;Y;Y;N;Y;N;N
65560;молдинг 1.51.388;1.51.388;N;N;Y;N;N;N;N;Y;Y;N;Y;N;N
65561;база 1.54.040;1.54.040;N;N;N;N;N;N;N;N;N;N;N;N;N
65562;база 1.54.040;1.54.040;N;N;N;N;N;N;N;N;N;N;N;N;N
65563;база 1.54.050;1.54.050;N;N;N;N;N;N;N;N;N;N;N;N;N
65564;база 1.54.050;1.54.050;N;N;N;N;N;N;N;N;N;N;N;N;N
65565;элемент 1.54.018;1.54.018;N;N;N;N;N;N;N;N;N;N;N;N;N
65645;карниз 1.50.228 гибкий;1.50.228;Y;N;Y;N;N;N;Y;N;Y;N;Y;N;Y
67964;карниз 1.50.623 гибкий;1.50.623;Y;N;Y;N;N;N;N;Y;Y;N;N;Y;Y
69864;карниз 1.50.501;1.50.501;N;Y;N;N;N;N;N;N;N;N;N;N;N
69865;карниз 1.50.502;1.50.502;N;Y;N;N;N;N;N;N;N;N;N;N;N
69866;карниз 1.50.503;1.50.503;N;Y;N;N;N;N;N;N;N;N;N;N;N
69867;карниз 1.50.504;1.50.504;N;Y;N;N;N;N;N;N;N;N;N;N;N
69868;карниз 1.50.524;1.50.524;N;Y;N;N;N;N;N;N;N;N;N;N;N
69873;молдинг 1.51.501;1.51.501;N;Y;N;N;N;N;N;N;N;N;N;N;N
69874;молдинг 1.51.502;1.51.502;N;Y;N;N;N;N;N;N;N;N;N;N;N
69875;молдинг 1.51.503;1.51.503;N;Y;N;N;N;N;N;N;N;N;N;N;N
69876;молдинг 1.51.504;1.51.504;N;Y;N;N;N;N;N;N;N;N;N;N;N
69877;молдинг 1.51.510;1.51.510;N;Y;N;N;N;N;N;N;N;N;N;N;N
69878;молдинг 1.51.518;1.51.518;N;Y;N;N;N;N;N;N;N;N;N;N;N
69879;молдинг 1.51.513;1.51.513;N;Y;N;N;N;N;N;N;N;N;N;N;N
69890;декоративная панель 1.59.501;1.59.501;N;Y;N;N;N;N;N;N;N;N;N;N;N
69891;декоративная панель 1.59.503;1.59.503;N;Y;N;N;N;N;N;N;N;N;N;N;N
69892;плинтус 1.53.501;1.53.501;N;Y;N;N;N;N;N;N;N;N;N;N;N
69893;орнамент 1.60.501;1.60.501;N;Y;N;N;N;N;N;N;N;N;N;N;N
69894;орнамент 1.60.503;1.60.503;N;Y;N;N;N;N;N;N;N;N;N;N;N
69895;розетка 1.56.501;1.56.501;N;Y;N;N;N;N;N;N;N;N;N;N;N
69896;розетка 1.56.502;1.56.502;N;Y;N;N;N;N;N;N;N;N;N;N;N
69900;розетка 1.56.503;1.56.503;N;Y;N;N;N;N;N;N;N;N;N;N;N
69901;розетка 1.56.511;1.56.511;N;Y;N;N;N;N;N;N;N;N;N;N;N
69902;арочный элемент 1.61.511 гибкий;1.61.511;Y;Y;N;N;N;N;N;N;N;N;N;N;N
69903;потолочная панель 1.57.501;1.57.501;N;Y;N;N;N;N;N;N;N;N;N;N;N
69904;потолочная панель 1.57.502;1.57.502;N;Y;N;N;N;N;N;N;N;N;N;N;N
69905;потолочная панель 1.57.503;1.57.503;N;Y;N;N;N;N;N;N;N;N;N;N;N
69906;потолочная панель 1.57.504;1.57.504;N;Y;N;N;N;N;N;N;N;N;N;N;N
71228;декоративная панель 1.59.001;1.59.001;N;N;N;N;N;N;N;N;N;N;N;N;N
73757;плинтус 1.53.112 гибкий;1.53.112;Y;N;Y;N;N;Y;N;N;N;Y;N;N;N
74261;карниз 6.50.101;6.50.101;N;N;Y;N;N;Y;Y;N;N;N;N;N;N
74262;молдинг 6.51.301;6.51.301;N;N;Y;N;N;Y;N;N;N;N;N;N;N
74263;плинтус 6.53.101;6.53.101;N;N;Y;N;N;Y;Y;Y;N;N;N;N;N
74264;карниз 6.50.103;6.50.103;N;N;Y;N;N;N;N;N;N;Y;N;N;N
74265;карниз 6.50.105;6.50.105;N;N;N;N;N;Y;N;N;N;Y;N;N;N
74266;карниз 6.50.113;6.50.113;N;N;Y;N;N;Y;N;Y;N;N;N;N;N
74267;карниз 6.50.115;6.50.115;N;N;Y;N;N;Y;N;N;N;N;N;N;N
74268;карниз 6.50.130;6.50.130;N;N;Y;N;N;N;Y;Y;N;N;N;N;N
74269;карниз 6.50.154;6.50.154;N;N;Y;N;N;Y;N;N;N;Y;N;N;N
74270;карниз 6.50.155;6.50.155;N;N;Y;N;N;Y;N;N;N;Y;N;N;N
74271;карниз 6.50.157;6.50.157;N;N;Y;N;N;Y;N;N;N;N;N;N;N
74272;карниз 6.50.160;6.50.160;N;N;Y;N;N;N;N;Y;N;N;N;N;N
74273;карниз 6.50.165;6.50.165;N;N;Y;N;N;N;N;Y;Y;N;Y;N;N
74274;карниз 6.50.171;6.50.171;N;N;Y;N;N;Y;N;N;N;N;N;N;N
74275;карниз 6.50.172;6.50.172;N;N;Y;N;N;N;N;N;N;Y;N;N;N
74276;карниз 6.50.174;6.50.174;N;N;Y;N;N;Y;N;N;N;N;N;N;N
74277;карниз 6.50.229;6.50.229;N;N;Y;N;N;N;N;Y;Y;N;N;Y;N
74278;карниз 6.50.230;6.50.230;N;N;N;N;N;N;N;N;N;N;N;N;N
74279;карниз 6.50.248;6.50.248;N;N;N;N;N;N;N;N;N;N;N;N;N
74280;карниз 6.50.297;6.50.297;N;N;Y;N;N;N;N;N;N;N;Y;N;N
74281;карниз 6.50.298;6.50.298;N;N;Y;N;N;N;Y;N;Y;N;N;N;N
74282;карниз 6.50.299;6.50.299;N;N;Y;N;N;Y;N;N;N;N;N;N;N
74283;молдинг 6.51.302;6.51.302;N;N;Y;N;N;Y;N;N;N;Y;N;N;N
74284;молдинг 6.51.307;6.51.307;N;N;Y;N;N;Y;N;N;N;N;N;N;N
74285;молдинг 6.51.308;6.51.308;N;N;Y;N;N;N;N;N;N;Y;N;N;N
74286;молдинг 6.51.321;6.51.321;N;N;Y;N;N;N;N;N;N;Y;N;N;N
74287;молдинг 6.51.322;6.51.322;N;N;Y;N;N;Y;N;N;N;N;N;N;N
74288;молдинг 6.51.323;6.51.323;N;N;Y;N;N;N;N;N;N;Y;N;N;N
74289;молдинг 6.51.345;6.51.345;N;N;Y;N;N;Y;N;N;N;N;N;N;N
74290;молдинг 6.51.362;6.51.362;N;N;Y;N;N;N;N;Y;Y;N;Y;N;N
74291;молдинг 6.51.363;6.51.363;N;N;Y;N;N;N;N;Y;Y;N;N;N;N
74292;молдинг 6.51.384;6.51.384;N;N;Y;N;N;N;Y;N;N;N;N;N;N
74293;молдинг 6.51.385;6.51.385;N;N;Y;N;N;N;N;Y;Y;N;Y;N;N
74294;молдинг 6.51.386;6.51.386;N;N;Y;N;N;Y;N;N;N;Y;N;N;N
74295;молдинг 6.51.400;6.51.400;N;N;Y;N;N;N;N;N;N;Y;N;N;N
74296;плинтус 6.53.102;6.53.102;N;N;Y;N;N;N;Y;Y;N;N;N;N;N
74297;плинтус 6.53.103;6.53.103;N;N;Y;N;N;N;Y;Y;N;N;N;N;N
74298;плинтус 6.53.104;6.53.104;N;N;Y;N;N;N;N;Y;Y;N;N;N;N
74299;плинтус 6.53.105;6.53.105;N;N;Y;N;N;Y;N;N;N;N;N;N;N
74300;плинтус 6.53.106;6.53.106;N;N;Y;N;N;N;N;N;Y;N;N;N;N
74301;плинтус 6.53.107;6.53.107;N;N;Y;N;N;Y;N;N;N;Y;N;N;N
74302;плинтус 6.53.108;6.53.108;N;N;Y;N;N;Y;N;N;N;N;N;N;N
74303;плинтус 6.53.109;6.53.109;N;N;Y;Y;Y;N;N;N;N;N;N;N;N
74304;плинтус 6.53.112;6.53.112;N;N;Y;N;N;Y;N;N;N;Y;N;N;N
76545;  1.50.710;1.50.710;N;N;N;N;N;N;N;N;N;N;N;N;N
76546;  1.51.701;1.51.701;N;N;N;N;N;N;N;N;N;N;N;N;N
76547;  1.51.711;1.51.711;N;N;N;N;N;N;N;N;N;N;N;N;N
76560;  6.50.701;6.50.701;N;N;N;N;N;N;N;N;N;N;N;N;Y
76561;  6.50.702;6.50.702;N;N;N;N;N;N;N;N;N;N;N;N;Y
76562;  6.50.703;6.50.703;N;N;N;N;N;N;N;N;N;N;N;N;Y
76563;  6.50.704;6.50.704;N;N;N;N;N;N;N;N;N;N;N;N;Y
76564;  6.50.705;6.50.705;N;N;N;N;N;N;N;N;N;N;N;N;Y
76565;  6.50.706;6.50.706;N;N;N;N;N;N;N;N;N;N;N;N;Y
76566;  6.50.708;6.50.708;N;N;N;N;N;N;N;N;N;N;N;N;N
76567;  6.50.709;6.50.709;N;N;N;N;N;N;N;N;N;N;N;N;N
76568;  6.51.702;6.51.702;N;N;N;N;N;N;N;N;N;N;N;N;N
76569;  6.51.703;6.51.703;N;N;N;N;N;N;N;N;N;N;N;N;N
76570;  6.51.704;6.51.704;N;N;N;N;N;N;N;N;N;N;N;N;N
76571;  6.51.705;6.51.705;N;N;N;N;N;N;N;N;N;N;N;N;N
76572;  6.51.706;6.51.706;N;N;N;N;N;N;N;N;N;N;N;N;N
76573;  6.51.707;6.51.707;N;N;N;N;N;N;N;N;N;N;N;N;N
76574;  6.51.708;6.51.708;N;N;N;N;N;N;N;N;N;N;N;N;N
76575;  6.51.710;6.51.710;N;N;N;N;N;N;N;N;N;N;N;N;N
76576;  6.53.701;6.53.701;N;N;N;N;N;N;N;N;N;N;N;Y;N
76577;  6.53.702;6.53.702;N;N;N;N;N;N;N;N;N;N;N;Y;N
76578;  6.53.703;6.53.703;N;N;N;N;N;N;N;N;N;N;N;Y;N
76579;  6.53.704;6.53.704;N;N;N;N;N;N;N;N;N;N;N;Y;N
76580;  6.53.705;6.53.705;N;N;N;N;N;N;N;N;N;N;N;Y;N
76581;розетка 1.56.701;1.56.701;N;N;N;N;N;N;N;N;N;N;N;N;N
76582;розетка 1.56.702;1.56.702;N;N;N;N;N;N;N;N;N;N;N;N;N
76583;розетка 1.56.703;1.56.703;N;N;N;N;N;N;N;N;N;N;N;N;N
76584;розетка 1.56.705;1.56.705;N;N;N;N;N;N;N;N;N;N;N;N;N
76586;розетка 1.56.707;1.56.707;N;N;N;N;N;N;N;N;N;N;N;N;N
76587;розетка 1.56.708;1.56.708;N;N;N;N;N;N;N;N;N;N;N;N;N
76588;розетка 1.56.709;1.56.709;N;N;N;N;N;N;N;N;N;N;N;N;N
76589;розетка 1.56.710;1.56.710;N;N;N;N;N;N;N;N;N;N;N;N;N
78427;  6.51.710;6.51.710;N;N;N;N;N;N;N;N;N;N;N;N;N
78428;  1.51.711;1.51.711;N;N;N;N;N;N;N;N;N;N;N;N;N
78429;  6.53.701;6.53.701;N;N;N;N;N;N;N;N;N;N;N;Y;N
78430;  6.53.702;6.53.702;N;N;N;N;N;N;N;N;N;N;N;Y;N
78431;  6.53.703;6.53.703;N;N;N;N;N;N;N;N;N;N;N;Y;N
78432;  6.53.704;6.53.704;N;N;N;N;N;N;N;N;N;N;N;Y;N
78433;  6.53.705;6.53.705;N;N;N;N;N;N;N;N;N;N;N;Y;N
79707;  6.50.719;6.50.719;N;N;N;N;N;N;N;N;N;N;N;Y;N
83144;плинтус 1.53.111 гибкий;1.53.111;Y;N;Y;N;N;Y;N;N;N;Y;N;N;N
84138;карниз 1.50.285 гибкий;1.50.285;Y;Y;N;Y;N;N;N;N;N;N;N;N;N
84701;молдинг 1.51.366;1.51.366;N;N;N;N;N;N;N;N;N;N;N;N;N
93666;база 1.54.060;1.54.060;N;N;N;N;N;N;N;N;N;N;N;N;N
93667;база 1.54.070;1.54.070;N;N;N;N;N;N;N;N;N;N;N;N;N
93749;база 1.54.060;1.54.060;N;N;N;N;N;N;N;N;N;N;N;N;N
93750;база 1.54.070;1.54.070;N;N;N;N;N;N;N;N;N;N;N;N;N
98517;элемент 1.65.501;1.65.501;N;N;N;N;N;N;N;N;N;N;N;N;N
98518;элемент 1.65.502;1.65.502;N;N;N;N;N;N;N;N;N;N;N;N;N
98519;элемент 1.65.503;1.65.503;N;N;N;N;N;N;N;N;N;N;N;N;N
99041;потолочная панель 1.51.518;1.51.518;N;Y;N;N;N;N;N;N;N;N;N;N;N
99042;декоративная панель 1.51.518;1.51.518;N;Y;N;N;N;N;N;N;N;N;N;N;N
99043;потолочная панель 1.57.502;1.57.502;N;Y;N;N;N;N;N;N;N;N;N;N;N
99044;потолочная панель 1.57.503;1.57.503;N;Y;N;N;N;N;N;N;N;N;N;N;N
99045;потолочная панель 1.57.504;1.57.504;N;Y;N;N;N;N;N;N;N;N;N;N;N
104199;карниз 6.50.108;6.50.108;N;N;Y;N;N;Y;Y;N;N;N;N;N;Y
104753;молдинг 1.51.383 гибкий;1.51.383;Y;N;Y;N;N;Y;N;N;N;N;N;N;N
107084;элемент 1.65.001;1.65.001;N;N;N;N;N;N;N;N;N;N;N;N;N
109457;розетка 1.56.512;1.56.512;N;Y;N;N;N;N;N;N;N;N;N;N;N
126248;карниз 1.50.229 гибкий;1.50.229;Y;N;Y;N;N;N;N;Y;Y;N;N;Y;Y
126269;карниз 1.50.624 гибкий;1.50.624;Y;N;Y;N;N;N;Y;N;Y;N;N;Y;Y
127537; 1.51.701 гибкий;1.51.701;Y;N;N;N;N;N;N;N;N;N;N;N;N
142167;арочный элемент 1.61.511;1.61.511;N;Y;N;N;N;N;N;N;N;N;N;N;N
158448;E13.S.60 / Клей Европласт стыковочный PU 60 мл.;E13.S.60;N;N;N;N;N;N;N;N;N;N;N;N;N
158449;E12.S.290 / Клей Европласт стыковочный PU 290 мл.;E12.S.290;N;N;N;N;N;N;N;N;N;N;N;N;N
159097;плинтус 6.53.110;6.53.110;N;N;N;N;N;N;N;N;N;N;N;N;N
164888;молдинг 1.51.386 гибкий;1.51.386;Y;N;Y;N;N;Y;N;N;N;Y;N;N;N
165150;кронштейн 1.19.801;1.19.801;N;N;N;N;N;N;N;N;N;N;N;N;N
165153;декоративная панель 6.59.801;6.59.801;N;N;N;N;N;N;N;N;N;N;N;N;N
165154;декоративная панель 6.59.802;6.59.802;N;N;N;N;N;N;N;N;N;N;N;N;N
165155;декоративная панель 6.59.803;6.59.803;N;N;N;N;N;N;N;N;N;N;N;N;N
165156;декоративный элемент 1.62.801;1.62.801;N;N;N;N;N;N;N;N;N;N;N;N;N
165157;декоративный элемент 1.62.802;1.62.802;N;N;N;N;N;N;N;N;N;N;N;N;N
165158;декоративный элемент 1.62.803;1.62.803;N;N;N;N;N;N;N;N;N;N;N;N;N
165159;декоративный элемент 1.62.804;1.62.804;N;N;N;N;N;N;N;N;N;N;N;N;N
165160;декоративный элемент левый 1.62.805;1.62.805;N;N;N;N;N;N;N;N;N;N;N;N;N
165161;декоративный элемент правый 1.62.806;1.62.806;N;N;N;N;N;N;N;N;N;N;N;N;N
165162;карниз 6.50.801;6.50.801;N;N;N;N;N;N;N;N;N;N;N;N;N
165163;карниз 6.50.802;6.50.802;N;N;N;N;N;N;N;N;N;N;N;N;N
165164;карниз 6.50.803;6.50.803;N;N;N;N;N;N;N;N;N;N;N;N;N
165165;молдинг 1.51.803;1.51.803;N;N;N;N;N;N;N;N;N;N;N;N;N
165166;молдинг 1.51.804;1.51.804;N;N;N;N;N;N;N;N;N;N;N;N;N
165167;молдинг 1.51.805;1.51.805;N;N;N;N;N;N;N;N;N;N;N;N;N
165168;молдинг 1.51.806;1.51.806;N;N;N;N;N;N;N;N;N;N;N;N;N
165169;молдинг 1.51.807;1.51.807;N;N;N;N;N;N;N;N;N;N;N;N;N
165170;молдинг 1.51.811;1.51.811;N;N;N;N;N;N;N;N;N;N;N;N;N
165171;молдинг 6.51.801;6.51.801;N;N;N;N;N;N;N;N;N;N;N;N;N
165172;молдинг 6.51.802;6.51.802;N;N;N;N;N;N;N;N;N;N;N;N;N
165173;молдинг 6.51.808;6.51.808;N;N;N;N;N;N;N;N;N;N;N;N;N
165174;молдинг 6.51.809;6.51.809;N;N;N;N;N;N;N;N;N;N;N;N;N
165175;молдинг 6.51.810;6.51.810;N;N;N;N;N;N;N;N;N;N;N;N;N
165176;молдинг 6.51.815;6.51.815;N;N;N;N;N;N;N;N;N;N;N;N;N
165177;плинтус 6.53.801;6.53.801;N;N;N;N;N;N;N;N;N;N;N;N;N
165178;плинтус 6.53.802;6.53.802;N;N;N;N;N;N;N;N;N;N;N;N;N
165179;плинтус 6.53.803;6.53.803;N;N;N;N;N;N;N;N;N;N;N;N;N
165180;плинтус 6.53.804;6.53.804;N;N;N;N;N;N;N;N;N;N;N;N;N
165181;плинтус 6.53.805;6.53.805;N;N;N;N;N;N;N;N;N;N;N;N;N
165182;розетка 1.56.801;1.56.801;N;N;N;N;N;N;N;N;N;N;N;N;N
165183;розетка 1.56.802;1.56.802;N;N;N;N;N;N;N;N;N;N;N;N;N
165184;розетка 1.56.803;1.56.803;N;N;N;N;N;N;N;N;N;N;N;N;N
165185;розетка 1.56.804;1.56.804;N;N;N;N;N;N;N;N;N;N;N;N;N
165186;розетка 1.56.805;1.56.805;N;N;N;N;N;N;N;N;N;N;N;N;N
165187;розетка 1.56.806;1.56.806;N;N;N;N;N;N;N;N;N;N;N;N;N
165188;угловой элемент 1.52.810;1.52.810;N;N;N;N;N;N;N;N;N;N;N;N;N
165189;угловой элемент 1.52.812;1.52.812;N;N;N;N;N;N;N;N;N;N;N;N;N
165190;угловой элемент 1.52.815;1.52.815;N;N;N;N;N;N;N;N;N;N;N;N;N
165191;угловой элемент 1.52.816;1.52.816;N;N;N;N;N;N;N;N;N;N;N;N;N
165200;элемент камина 1.64.801;1.64.801;N;N;N;N;N;N;N;N;N;N;N;N;N
165201;элемент камина 1.64.803;1.64.803;N;N;N;N;N;N;N;N;N;N;N;N;N
165901;элемент камина 1.64.801;1.64.801;N;N;N;N;N;N;N;N;N;N;N;N;N
165902;элемент камина 1.64.801;1.64.801;N;N;N;N;N;N;N;N;N;N;N;N;N
165903;элемент камина 1.64.803;1.64.803;N;N;N;N;N;N;N;N;N;N;N;N;N
165904;элемент камина 1.64.803;1.64.803;N;N;N;N;N;N;N;N;N;N;N;N;N
167039;декоративная панель 6.59.801-280;6.59.801-280;N;N;N;N;N;N;N;N;N;N;N;N;N
167040;декоративная панель 6.59.802-280;6.59.802-280;N;N;N;N;N;N;N;N;N;N;N;N;N
167041;декоративная панель 6.59.803-280;6.59.803-280;N;N;N;N;N;N;N;N;N;N;N;N;N
170175;декоративная панель 6.59.806;6.59.806;N;N;N;N;N;N;N;N;N;N;N;N;N
170176;декоративная панель 6.59.806-280;6.59.806-280;N;N;N;N;N;N;N;N;N;N;N;N;N
170214;декоративная панель 6.59.804;6.59.804;N;N;N;N;N;N;N;N;N;N;N;N;N
170215;декоративная панель 6.59.804-280;6.59.804-280;N;N;N;N;N;N;N;N;N;N;N;N;N
173408;карниз 6.50.238;6.50.238;N;N;N;N;N;N;N;N;N;N;N;N;N
173409;карниз 6.50.239;6.50.239;N;N;N;N;N;N;N;N;N;N;N;N;N
173410;карниз 6.50.240;6.50.240;N;N;N;N;N;N;N;N;N;N;N;N;N
173411;карниз 6.50.241;6.50.241;N;N;N;N;N;N;N;N;N;N;N;N;N
173412;карниз 6.50.242;6.50.242;N;N;N;N;N;N;N;N;N;N;N;N;N
173413;карниз 6.50.243;6.50.243;N;N;N;N;N;N;N;N;N;N;N;N;N
173414;карниз 6.50.244;6.50.244;N;N;N;N;N;N;N;N;N;N;N;N;N
173415;карниз 6.50.245;6.50.245;N;N;N;N;N;N;N;N;N;N;N;N;N
173416;карниз 6.50.246;6.50.246;N;N;N;N;N;N;N;N;N;N;N;N;N
173417;карниз 6.50.247;6.50.247;N;N;N;N;N;N;N;N;N;N;N;N;N
173418;молдинг 6.51.389;6.51.389;N;N;N;N;N;N;N;N;N;N;N;N;N
173419;молдинг 6.51.390;6.51.390;N;N;N;N;N;N;N;N;N;N;N;N;N
173420;молдинг 6.51.391;6.51.391;N;N;N;N;N;N;N;N;N;N;N;N;N
173421;молдинг 6.51.392;6.51.392;N;N;N;N;N;N;N;N;N;N;N;N;N
173422;плинтус 6.53.113;6.53.113;N;N;N;N;N;N;N;N;N;N;N;N;N
173423;плинтус 6.53.114;6.53.114;N;N;N;N;N;N;N;N;N;N;N;N;N
173424;плинтус 6.53.115;6.53.115;N;N;N;N;N;N;N;N;N;N;N;N;N
173425;плинтус 6.53.116;6.53.116;N;N;N;N;N;N;N;N;N;N;N;N;N
173426;плинтус 6.53.117;6.53.117;N;N;N;N;N;N;N;N;N;N;N;N;N
173427;плинтус 6.53.118;6.53.118;N;N;N;N;N;N;N;N;N;N;N;N;N
173949;угловой элемент 1.52.817;1.52.817;N;N;N;N;N;N;N;N;N;N;N;N;N
200738;молдинг 1.51.817;1.51.817;N;N;N;N;N;N;N;N;N;N;N;N;N
