IE_XML_ID;IE_NAME;IP_PROP142;IP_PROP157;IP_PROP254
4774;карниз;1.50.114;Нет;386
4775;карниз;1.50.115;Нет;312
4776;карниз;1.50.116;Нет;789
4777;карниз;1.50.117;Нет;829
4778;карниз;1.50.118;Нет;875
4779;карниз;1.50.119;Нет;429
4780;карниз;1.50.120;Нет;897,52
4781;карниз;1.50.121;Нет;422
4782;карниз;1.50.122;Нет;275
4783;карниз;1.50.100;Нет;388
4784;карниз;1.50.102;Нет;307,32
4785;карниз;1.50.103;Нет;309
4786;карниз;1.50.104;Нет;767
4787;карниз;1.50.105;Нет;379
4788;карниз;1.50.106;Нет;407
4789;карниз;1.50.107;Нет;804
4790;карниз;1.50.109;Нет;875
4791;карниз;1.50.110;Нет;989,56
4792;карниз;1.50.111;Нет;810,16
4793;карниз;1.50.112;Нет;400
4794;карниз;1.50.113;Нет;423
4795;карниз;1.50.123;Нет;286
4796;карниз;1.50.124;Нет;730
4797;карниз;1.50.125;Нет;598
4798;карниз;1.50.126;Нет;422
4799;карниз;1.50.127;Нет;407
4800;карниз;1.50.128;Нет;714
4801;карниз;1.50.129;Нет;413
4802;карниз;1.50.130;Нет;288,08
4803;карниз;1.50.131;Нет;702
4804;карниз;1.50.132;Нет;1046
4805;карниз;1.50.133;Нет;714
4806;карниз;1.50.134;Нет;1013
4807;карниз;1.50.135;Нет;737
4808;карниз;1.50.136;Нет;817
4809;карниз;1.50.137;Нет;1071,2
4810;карниз;1.50.138;Нет;897,52
4811;карниз;1.50.139;Нет;695,24
4812;карниз;1.50.140;Нет;400,4
4813;карниз;1.50.141;Нет;400,4
4814;карниз;1.50.142;Нет;897,52
4815;карниз;1.50.143;Нет;393,12
4816;карниз;1.50.144;Нет;429
4817;карниз;1.50.145;Нет;1140
4818;карниз;1.50.146;Нет;725
4819;карниз;1.50.147;Нет;897,52
4820;карниз;1.50.148;Нет;763,88
4821;карниз;1.50.149;Нет;1071
4822;карниз;1.50.150;Нет;295
4823;карниз;1.50.151;Нет;1159
4824;карниз;1.50.152;Нет;1159
4825;карниз;1.50.153;Нет;1159
4826;карниз;1.50.154;Нет;266
4827;карниз;1.50.155;Нет;265
4828;карниз;1.50.156;Нет;295
4829;карниз;1.50.157;Нет;274,56
4830;карниз;1.50.158;Нет;277,16
4831;карниз;1.50.159;Нет;284
4832;карниз;1.50.160;Нет;379
4833;карниз;1.50.162;Нет;393,12
4834;карниз;1.50.163;Нет;755
4835;карниз;1.50.164;Нет;829
4836;карниз;1.50.165;Нет;395
4837;карниз;1.50.166;Нет;801
4838;карниз;1.50.167;Нет;810,16
4839;карниз;1.50.168;Нет;810,16
4840;карниз;1.50.169;Нет;763,88
4841;карниз;1.50.170;Нет;433,68
4842;карниз;1.50.171;Нет;283,4
4843;карниз;1.50.172;Нет;293,8
4844;карниз;1.50.173;Нет;295,36
4845;карниз;1.50.174;Нет;301,6
4846;карниз;1.50.175;Нет;804
4847;карниз;1.50.176;Нет;737,36
4848;карниз;1.50.177;Нет;437
4849;карниз;1.50.180;Нет;747,76
4850;карниз;1.50.181;Нет;422
4851;карниз;1.50.182;Нет;413
4852;карниз;1.50.183;Нет;449,8
4853;карниз;1.50.184;Нет;449,8
4854;карниз;1.50.185;Нет;787
4855;карниз;1.50.186;Нет;449,8
4856;карниз;1.50.187;Нет;399,36
4857;карниз;1.50.188;Нет;399,36
4858;карниз;1.50.190;Нет;298
4859;карниз;1.50.191;Нет;291
4860;карниз;1.50.192;Нет;406
4861;карниз;1.50.193;Нет;419,64
4862;карниз;1.50.194;Нет;386
4863;карниз;1.50.195;Нет;420
4864;карниз;1.50.196;Нет;411
4865;карниз;1.50.197;Нет;449,8
4866;карниз;1.50.198;Нет;441,48
4867;карниз;1.50.200;Нет;400
4868;карниз;1.50.201;Нет;995,28
4869;карниз;1.50.202;Нет;718
4870;карниз;1.50.203;Нет;810,16
4871;карниз;1.50.204;Нет;392
4872;карниз;1.50.208;Нет;436,28
4873;карниз;1.50.209;Нет;931
4874;карниз;1.50.210;Нет;976
4875;карниз;1.50.211;Нет;998,4
4876;карниз;1.50.212;Нет;998,4
4877;карниз;1.50.220;Нет;863,72
4878;карниз;1.50.221;Нет;1011
4879;карниз;1.50.222;Нет;1116
4880;карниз;1.50.250;Нет;740
4881;карниз;1.50.251;Нет;282,36
4882;карниз;1.50.252;Нет;851,76
4883;карниз;1.50.253;Нет;422
4884;карниз;1.50.254;Нет;635
4885;карниз;1.50.255;Нет;716
4886;карниз;1.50.256;Нет;821,6
4887;карниз;1.50.257;Нет;289
4888;карниз;1.50.258;Нет;268
4889;карниз;1.50.259;Нет;386,36
4890;карниз;1.50.260;Нет;997,36
4891;карниз;1.50.261;Нет;739,44
4892;карниз;1.50.262;Нет;831
4893;карниз;1.50.264;Нет;1020
4894;карниз;1.50.265;Нет;436,28
4895;карниз;1.50.266;Нет;392,6
4896;карниз;1.50.267;Нет;834
4897;карниз;1.50.268;Нет;859
4898;карниз;1.50.269;Нет;905
4899;карниз;1.50.270;Нет;971,88
4900;карниз;1.50.271;Нет;1244,88
4901;карниз;1.50.273;Нет;1040
4902;карниз FLEX;1.50.114;Да;773,76
4903;карниз FLEX;1.50.115;Да;624
4904;карниз FLEX;1.50.116;Да;1574
4905;карниз FLEX;1.50.117;Да;1658
4906;карниз FLEX;1.50.118;Да;1748,24
4907;карниз FLEX;1.50.119;Да;860
4908;карниз FLEX;1.50.120;Да;1796
4909;карниз FLEX;1.50.121;Да;841
4910;карниз FLEX;1.50.122;Да;550
4911;карниз FLEX;1.50.100;Да;774
4912;карниз FLEX;1.50.102;Да;614
4913;карниз FLEX;1.50.103;Да;617
4914;карниз FLEX;1.50.104;Да;1532
4915;карниз FLEX;1.50.105;Да;755,04
4916;карниз FLEX;1.50.106;Да;815,36
4917;карниз FLEX;1.50.107;Да;1612
4918;карниз FLEX;1.50.109;Да;1748,24
4919;карниз FLEX;1.50.110;Да;1981
4920;карниз FLEX;1.50.111;Да;1619
4921;карниз FLEX;1.50.112;Да;802,88
4922;карниз FLEX;1.50.113;Да;850
4923;карниз FLEX;1.50.123;Да;570
4924;карниз FLEX;1.50.124;Да;1461
4925;карниз FLEX;1.50.125;Да;1200,16
4926;карниз FLEX;1.50.126;Да;843
4927;карниз FLEX;1.50.127;Да;815,36
4928;карниз FLEX;1.50.128;Да;1426,88
4929;карниз FLEX;1.50.129;Да;822
4930;карниз FLEX;1.50.130;Да;575
4931;карниз FLEX;1.50.131;Да;1404
4932;карниз FLEX;1.50.132;Да;2094
4933;карниз FLEX;1.50.133;Да;1426,88
4934;карниз FLEX;1.50.134;Да;2025
4935;карниз FLEX;1.50.135;Да;1473
4936;карниз FLEX;1.50.136;Да;1635
4937;карниз FLEX;1.50.137;Да;2142,4
4938;карниз FLEX;1.50.138;Да;1796
4939;карниз FLEX;1.50.139;Да;1390,48
4940;карниз FLEX;1.50.140;Да;800,8
4941;карниз FLEX;1.50.141;Да;800,8
4942;карниз FLEX;1.50.142;Да;1796
4943;карниз FLEX;1.50.143;Да;785
4944;карниз FLEX;1.50.144;Да;857
4945;карниз FLEX;1.50.145;Да;2277
4946;карниз FLEX;1.50.146;Да;1451,84
4947;карниз FLEX;1.50.147;Да;1796
4948;карниз FLEX;1.50.148;Да;1526
4949;карниз FLEX;1.50.149;Да;2142
4950;карниз FLEX;1.50.150;Да;588,64
4951;карниз FLEX;1.50.151;Да;2318
4952;карниз FLEX;1.50.152;Да;2318
4953;карниз FLEX;1.50.153;Да;2318
4954;карниз FLEX;1.50.154;Да;534
4955;карниз FLEX;1.50.155;Да;529
4956;карниз FLEX;1.50.156;Да;589
4957;карниз FLEX;1.50.157;Да;549,12
4958;карниз FLEX;1.50.158;Да;536
4959;карниз FLEX;1.50.159;Да;568
4960;карниз FLEX;1.50.160;Да;755,04
4961;карниз FLEX;1.50.162;Да;785
4962;карниз FLEX;1.50.163;Да;1506
4963;карниз FLEX;1.50.164;Да;1658
4964;карниз FLEX;1.50.165;Да;789
4965;карниз FLEX;1.50.166;Да;1598
4966;карниз FLEX;1.50.168;Да;1619
4967;карниз FLEX;1.50.169;Да;1526
4968;карниз FLEX;1.50.170;Да;868
4969;карниз FLEX;1.50.171;Да;566,8
4970;карниз FLEX;1.50.172;Да;587,6
4971;карниз FLEX;1.50.173;Да;590,72
4972;карниз FLEX;1.50.174;Да;603,2
4973;карниз FLEX;1.50.175;Да;1612
4974;карниз FLEX;1.50.176;Да;1473
4975;карниз FLEX;1.50.177;Да;877
4976;карниз FLEX;1.50.180;Да;1494
4977;карниз FLEX;1.50.181;Да;841
4978;карниз FLEX;1.50.182;Да;826
4979;карниз FLEX;1.50.183;Да;899,6
4980;карниз FLEX;1.50.184;Да;899,6
4981;карниз FLEX;1.50.185;Да;1575
4982;карниз FLEX;1.50.186;Да;899,6
4983;карниз FLEX;1.50.187;Да;797
4984;карниз FLEX;1.50.188;Да;797
4985;карниз FLEX;1.50.190;Да;596
4986;карниз FLEX;1.50.191;Да;584
4987;карниз FLEX;1.50.192;Да;813
4988;карниз FLEX;1.50.193;Да;839,28
4989;карниз FLEX;1.50.194;Да;775
4990;карниз FLEX;1.50.195;Да;841
4991;карниз FLEX;1.50.197;Да;899,6
4992;карниз FLEX;1.50.200;Да;798,72
4993;карниз FLEX;1.50.202;Да;1436
4994;карниз FLEX;1.50.203;Да;1621
4995;карниз FLEX;1.50.209;Да;1863
4996;карниз FLEX;1.50.210;Да;1947
4997;карниз FLEX;1.50.220;Да;1727,44
4998;карниз FLEX;1.50.221;Да;2023
4999;карниз FLEX;1.50.222;Да;2232,88
5000;карниз FLEX;1.50.250;Да;1480
5001;карниз FLEX;1.50.251;Да;563
5002;карниз FLEX;1.50.252;Да;1702
5003;карниз FLEX;1.50.253;Да;841
5004;карниз FLEX;1.50.254;Да;1271,92
5005;карниз FLEX;1.50.255;Да;1430
5006;карниз FLEX;1.50.256;Да;1644
5007;карниз FLEX;1.50.257;Да;582
5008;карниз FLEX;1.50.258;Да;540
5009;карниз FLEX;1.50.259;Да;771
5010;карниз FLEX;1.50.260;Да;1994,72
5011;карниз FLEX;1.50.261;Да;1478,88
5012;карниз FLEX;1.50.262;Да;1662
5013;карниз FLEX;1.50.264;Да;2041
5014;карниз FLEX;1.50.265;Да;873
5015;карниз FLEX;1.50.266;Да;785,2
5016;карниз FLEX;1.50.267;Да;1666
5017;карниз FLEX;1.50.268;Да;1720
5018;карниз FLEX;1.50.269;Да;1812
5019;карниз FLEX;1.50.270;Да;1944
5020;молдинг;1.51.311;Нет;557
5021;молдинг;1.51.314;Нет;337
5022;молдинг;1.51.327;Нет;461,76
5023;молдинг;1.51.301;Нет;296
5024;молдинг;1.51.305;Нет;278,72
5025;молдинг;1.51.321;Нет;261
5026;молдинг;1.51.400;Нет;279,76
5027;молдинг;1.51.302;Нет;356
5028;молдинг;1.51.303;Нет;362
5029;молдинг;1.51.304;Нет;346
5030;молдинг;1.51.306;Нет;286
5031;молдинг;1.51.307;Нет;542
5032;молдинг;1.51.324;Нет;261
5033;молдинг;1.51.352;Нет;323
5034;молдинг;1.51.325;Нет;577,2
5035;молдинг;1.51.312;Нет;318,76
5036;молдинг;1.51.332;Нет;336,44
5037;молдинг;1.51.350;Нет;582
5038;молдинг;1.51.326;Нет;333
5039;молдинг;1.51.308;Нет;296
5040;молдинг;1.51.309;Нет;356,72
5041;молдинг;1.51.310;Нет;542
5042;молдинг;1.51.313;Нет;337
5043;молдинг;1.51.315;Нет;349
5044;молдинг;1.51.316;Нет;323
5045;молдинг;1.51.317;Нет;512,72
5046;молдинг;1.51.318;Нет;362
5047;молдинг;1.51.319;Нет;586,56
5048;молдинг;1.51.320;Нет;557
5049;молдинг;1.51.322;Нет;233
5050;молдинг;1.51.328;Нет;333
5051;молдинг;1.51.330;Нет;352,04
5052;молдинг;1.51.333;Нет;345,75
5053;молдинг;1.51.340;Нет;328
5054;молдинг;1.51.341;Нет;363,48
5055;молдинг;1.51.342;Нет;349,96
5056;молдинг;1.51.343;Нет;343,2
5057;молдинг;1.51.344;Нет;349,96
5058;молдинг;1.51.351;Нет;342
5059;молдинг;1.51.380;Нет;769
5060;молдинг;1.51.401;Нет;263,12
5061;молдинг;1.51.323;Нет;236
5062;молдинг;1.51.339;Нет;343,2
5063;молдинг;1.51.331;Нет;360
5064;молдинг;1.51.336;Нет;336,44
5065;молдинг;1.51.334;Нет;324,48
5066;молдинг;1.51.335;Нет;357,76
5067;молдинг;1.51.337;Нет;349,96
5068;молдинг;1.51.348;Нет;338,52
5069;молдинг;1.51.349;Нет;568,36
5070;молдинг;1.51.329;Нет;277,16
5071;молдинг;1.51.347;Нет;531,96
5072;молдинг;1.51.355;Нет;550,68
5073;молдинг;1.51.354;Нет;351
5074;молдинг FLEX;1.51.311;Да;1117
5075;молдинг FLEX;1.51.314;Да;676
5076;молдинг FLEX;1.51.327;Да;923
5077;молдинг FLEX;1.51.301;Да;594
5078;молдинг FLEX;1.51.305;Да;556
5079;молдинг FLEX;1.51.321;Да;522
5080;молдинг FLEX;1.51.400;Да;557
5081;молдинг FLEX;1.51.302;Да;714
5082;молдинг FLEX;1.51.303;Да;723
5083;молдинг FLEX;1.51.304;Да;690
5084;молдинг FLEX;1.51.306;Да;570
5085;молдинг FLEX;1.51.307;Да;1082,64
5086;молдинг FLEX;1.51.324;Да;522
5087;молдинг FLEX;1.51.352;Да;647
5088;молдинг FLEX;1.51.325;Да;1152
5089;молдинг FLEX;1.51.312;Да;637
5090;молдинг FLEX;1.51.332;Да;672,88
5091;молдинг FLEX;1.51.350;Да;1162
5092;молдинг FLEX;1.51.326;Да;665
5093;молдинг FLEX;1.51.308;Да;591
5094;молдинг FLEX;1.51.309;Да;713,44
5095;молдинг FLEX;1.51.310;Да;1082,64
5096;молдинг FLEX;1.51.313;Да;676
5097;молдинг FLEX;1.51.315;Да;699
5098;молдинг FLEX;1.51.316;Да;647
5099;молдинг FLEX;1.51.317;Да;1025,44
5100;молдинг FLEX;1.51.318;Да;723
5101;молдинг FLEX;1.51.319;Да;1171
5102;молдинг FLEX;1.51.320;Да;1117
5103;молдинг FLEX;1.51.322;Да;464
5104;молдинг FLEX;1.51.328;Да;665
5105;молдинг FLEX;1.51.330;Да;702
5106;молдинг FLEX;1.51.333;Да;689,73
5107;молдинг FLEX;1.51.340;Да;658
5108;молдинг FLEX;1.51.341;Да;726,96
5109;молдинг FLEX;1.51.342;Да;699,92
5110;молдинг FLEX;1.51.343;Да;686,4
5111;молдинг FLEX;1.51.344;Да;699,92
5112;молдинг FLEX;1.51.351;Да;684
5113;молдинг FLEX;1.51.380;Да;1540,24
5114;молдинг FLEX;1.51.401;Да;527
5115;молдинг FLEX;1.51.323;Да;475
5116;молдинг FLEX;1.51.339;Да;686,4
5117;молдинг FLEX;1.51.331;Да;718
5118;молдинг FLEX;1.51.336;Да;672,88
5119;молдинг FLEX;1.51.334;Да;648,96
5120;молдинг FLEX;1.51.335;Да;715,52
5121;молдинг FLEX;1.51.337;Да;699,92
5122;молдинг FLEX;1.51.348;Да;677,04
5123;молдинг FLEX;1.51.349;Да;1136,72
5124;молдинг FLEX;1.51.329;Да;554,32
5125;молдинг FLEX;1.51.347;Да;1063,92
5126;молдинг FLEX;1.51.355;Да;1101,36
5127;молдинг FLEX;1.51.354;Да;702
5128;плинтус;1.53.102;Нет;614,12
5129;плинтус;1.53.103;Нет;563
5130;плинтус;1.53.104;Нет;575
5131;плинтус;1.53.105;Нет;631,8
5132;плинтус;1.53.106;Нет;512
5133;плинтус;1.53.107;Нет;492
5134;плинтус;1.53.109;Нет;552
5135;плинтус;1.53.101;Нет;593
5136;плинтус FLEX;1.53.102;Да;1228
5137;плинтус FLEX;1.53.103;Да;1127,36
5138;плинтус FLEX;1.53.104;Да;1150
5139;плинтус FLEX;1.53.105;Да;1265
5140;плинтус FLEX;1.53.106;Да;1023
5141;плинтус FLEX;1.53.107;Да;986
5142;плинтус FLEX;1.53.109;Да;1106
5143;плинтус FLEX;1.53.101;Да;1187
5144;угловой элемент;1.52.326;Нет;291
5145;угловой элемент;1.52.301;Нет;250
5146;угловой элемент;1.52.302;Нет;256
5147;угловой элемент;1.52.290;Нет;271,96
5148;угловой элемент;1.52.293;Нет;271,96
5149;угловой элемент;1.52.292;Нет;277
5150;угловой элемент;1.52.288;Нет;284,44
5151;угловой элемент;1.52.294;Нет;284,44
5152;угловой элемент;1.52.291;Нет;258
5153;угловой элемент;1.52.295;Нет;258
5154;угловой элемент;1.52.328;Нет;258
5155;угловой элемент;1.52.400;Нет;272
5156;угловой элемент;1.52.289;Нет;251,68
5157;угловой элемент;1.52.296;Нет;312
5158;угловой элемент;1.52.297;Нет;252
5159;угловой элемент;1.52.298;Нет;252
5160;угловой элемент;1.52.300;Нет;258
5161;угловой элемент;1.52.303;Нет;258
5162;угловой элемент;1.52.308;Нет;247
5163;угловой элемент;1.52.312;Нет;250
5164;угловой элемент;1.52.313;Нет;536
5165;угловой элемент;1.52.314;Нет;312
5166;угловой элемент;1.52.318;Нет;265
5167;кронштейн;1.19.001;Нет;725
5168;кронштейн;1.19.137;Нет;106
5169;кронштейн;1.19.002;Нет;542
5170;кронштейн;1.19.005;Нет;600,08
5171;кронштейн;1.19.003;Нет;543
5172;кронштейн;1.19.004;Нет;545,48
5173;кронштейн;1.19.006;Нет;1947
5174;розетка;1.56.017;Нет;765,44
5175;розетка;1.56.001;Нет;1042,6
5176;розетка;1.56.002;Нет;741
5177;розетка;1.56.004;Нет;604,24
5178;розетка;1.56.007;Нет;626,6
5179;розетка;1.56.013;Нет;413,4
5180;розетка;1.56.014;Нет;431,08
5181;розетка;1.56.015;Нет;814,84
5182;розетка;1.56.016;Нет;741
5183;розетка;1.56.018;Нет;1449,24
5184;розетка;1.56.019;Нет;790,92
5185;розетка;1.56.020;Нет;790,92
5186;розетка;1.56.022;Нет;741
5187;розетка;1.56.023;Нет;1015,56
5188;розетка;1.56.024;Нет;765,44
5189;розетка;1.56.025;Нет;1908,92
5190;розетка;1.56.005;Нет;1014,52
5191;розетка;1.56.010;Нет;251,68
5192;розетка;1.56.028;Нет;1415,44
5193;розетка;1.56.029;Нет;1042,6
5194;розетка;1.56.030;Нет;443,56
5195;розетка;1.56.003;Нет;790,92
5196;розетка;1.56.031;Нет;1015,56
5197;розетка;1.56.021;Нет;814,84
5198;розетка;1.56.026;Нет;1382,16
5199;розетка;1.56.006;Нет;421,72
5200;розетка;1.56.009;Нет;431,08
5201;розетка;1.56.032;Нет;439,4
5202;розетка;1.56.011;Нет;248,56
5203;розетка;1.56.037;Нет;431,6
5204;розетка;1.56.034;Нет;765,96
5205;розетка;1.56.033;Нет;741
5206;розетка;1.56.038;Нет;456,56
5207;розетка;1.56.012;Нет;790,92
5208;розетка;1.56.027;Нет;421,2
5209;розетка;1.56.039;Нет;1056,12
5210;розетка;1.56.035;Нет;765,44
5211;розетка;1.56.042;Нет;251,68
5212;орнамент;1.60.114;Нет;312
5213;орнамент;1.60.014;Нет;312
5214;орнамент;1.60.011;Нет;135,72
5215;орнамент;1.60.111;Нет;135,72
5216;орнамент;1.60.007;Нет;125
5217;орнамент;1.60.005;Нет;125
5218;орнамент;1.60.012;Нет;339,04
5219;орнамент;1.60.008;Нет;118
5220;орнамент;1.60.010;Нет;120
5221;орнамент;1.60.002;Нет;136,24
5222;орнамент;1.60.003;Нет;118
5223;орнамент;1.60.004;Нет;120
5224;орнамент;1.60.006;Нет;122
5225;орнамент;1.60.009;Нет;120
5226;орнамент;1.60.015;Нет;125
5227;орнамент;1.60.017;Нет;136
5228;орнамент;1.60.018;Нет;139
5229;орнамент;1.60.019;Нет;339,04
5230;орнамент;1.60.108;Нет;118
5231;орнамент;1.60.109;Нет;120
5232;орнамент;1.60.110;Нет;120
5233;орнамент;1.60.001;Нет;123
5234;кессон;1.57.002;Нет;952,64
5235;кессон;1.57.003;Нет;1003,08
5236;кессон;1.57.001;Нет;877,76
5237;кессон;1.57.004;Нет;1301,56
5238;купол;1.58.001;Нет;4803
5239;капитель;1.11.001;Нет;4190
5240;капитель;1.11.010;Нет;2273,96
5241;капитель;1.11.003;Нет;3255
5242;капитель;1.11.002;Нет;2417
5243;капитель;1.11.004;Нет;3255
5244;капитель;1.11.005;Нет;1675,44
5245;капитель;1.11.006;Нет;3146
5246;капитель;1.11.008;Нет;1891,24
5247;капитель;1.11.009;Нет;1882,92
5248;капитель;1.15.002;Нет;1030
5249;капитель;1.15.003;Нет;1449,76
5250;капитель;1.15.004;Нет;1449,76
5251;капитель;1.15.005;Нет;751
5252;капитель;1.15.006;Нет;1397
5253;капитель;1.15.008;Нет;946,4
5254;капитель;1.15.001;Нет;1773
5255;капитель;1.15.009;Нет;941,2
5256;капитель;1.15.010;Нет;1137,76
5257;капитель;1.21.003;Нет;646,36
5258;капитель;1.21.001;Нет;580
5259;капитель;1.21.002;Нет;738,92
5260;капитель;1.21.004;Нет;676
5261;капитель;1.21.005;Нет;729
5262;капитель;1.21.006;Нет;690,56
5263;капитель;1.21.007;Нет;654,16
5264;ствол;1.12.020;Нет;6123
5265;ствол;1.12.010;Нет;6123
5266;ствол;1.12.030;Нет;7799
5267;ствол;1.12.050;Нет;3631
5268;ствол;1.12.060;Нет;3289
5269;ствол;1.12.061;Нет;4442,36
5270;ствол;1.12.080;Нет;3289
5271;ствол;1.12.081;Нет;4442,36
5272;ствол;1.12.070;Нет;3289
5273;ствол;1.12.071;Нет;4442,36
5274;ствол;1.16.080;Нет;1644,76
5275;ствол;1.16.081;Нет;2221,44
5276;ствол;1.16.030;Нет;3577
5277;ствол;1.16.070;Нет;1644,76
5278;ствол;1.16.050;Нет;1611
5279;ствол;1.16.060;Нет;1644,76
5280;ствол;1.16.071;Нет;2221,44
5281;ствол;1.16.010;Нет;2740
5282;ствол;1.16.011;Нет;2836
5283;ствол;1.16.020;Нет;2740
5284;ствол;1.16.061;Нет;2221,44
5285;ствол;1.22.010;Нет;843,44
5286;ствол;1.22.020;Нет;1331,72
5287;ствол;1.22.030;Нет;1015,56
5288;ствол;1.22.200;Нет;1528,28
5289;ствол;1.22.040;Нет;1080,04
5290;кольцо;1.11.100;Нет;101
5291;кольцо;1.11.200;Нет;101
5292;кольцо;1.11.300;Нет;146
5293;кольцо;1.15.100;Нет;49
5294;кольцо;1.15.200;Нет;49
5295;кольцо;1.15.300;Нет;75,92
5296;база;1.13.900;Нет;1495
5297;база;1.13.300;Нет;5640
5298;база;1.13.400;Нет;2498
5299;база;1.13.800;Нет;1495
5300;база;1.13.500;Нет;1675,44
5301;база;1.13.100;Нет;4350
5302;база;1.13.200;Нет;2158,52
5303;база;1.13.700;Нет;1465,36
5304;база;1.17.900;Нет;747,76
5305;база;1.17.300;Нет;2579
5306;база;1.17.400;Нет;1127
5307;база;1.17.100;Нет;1932,84
5308;база;1.17.800;Нет;747,76
5309;база;1.17.500;Нет;751
5310;база;1.17.600;Нет;1409,2
5311;база;1.17.700;Нет;733,2
5312;база;1.17.200;Нет;838,24
5313;база;1.23.100;Нет;690,56
5314;база;1.23.200;Нет;988
5315;база;1.23.300;Нет;778
5316;база;1.23.400;Нет;1055,08
5317;база;1.23.500;Нет;757
5318;пьедестал;1.14.001;Нет;2912,52
5319;пьедестал;1.14.002;Нет;3074,76
5320;пьедестал;1.14.003;Нет;3074,76
5321;пьедестал;1.18.001;Нет;1538,16
5322;пьедестал;1.18.002;Нет;1457,04
5323;пьедестал;1.18.003;Нет;1538,16
5324;база;1.54.010;Нет;325
5325;обрамление арок;1.55.003;Нет;131,04
5326;обрамление арок;1.55.004;Нет;136,24
5327;обрамление арок;1.55.001;Нет;372
5328;замковый камень;1.55.005;Нет;135,72
5329;обрамление арок;1.55.002;Нет;372
5330;база;1.54.020;Нет;294,84
5331;боковой элемент;1.54.009;Нет;127
5332;боковой элемент;1.54.019;Нет;129
5333;квадрат;1.54.001;Нет;115
5334;квадрат;1.54.002;Нет;112,84
5335;наличник;1.54.003;Нет;467
5336;наличник;1.54.004;Нет;785
5337;элемент;1.54.008;Нет;131
5338;элемент;1.54.006;Нет;161,2
5339;элемент;1.54.005;Нет;153
5340;элемент;1.54.007;Нет;125
5341;элемент;1.54.012;Нет;321
5342;элемент;1.54.011;Нет;317,72
5343;ствол;1.12.011;Нет;6351
5344;пилястра;1.20.301;Нет;
5345;пилястра;1.20.302;Нет;
5346;пилястра;1.20.303;Нет;
5347;пилястра;1.20.201;Нет;
5348;пилястра;1.20.202;Нет;
5349;пилястра;1.20.101;Нет;
5350;пилястра;1.20.102;Нет;
5351;пилястра;1.20.001;Нет;
5352;пилястра;1.20.002;Нет;
5353;полуколонна;1.10.301;Нет;
5354;полуколонна;1.10.302;Нет;
5355;полуколонна;1.10.303;Нет;
5356;полуколонна;1.10.304;Нет;
5357;полуколонна;1.10.201;Нет;
5358;полуколонна;1.10.202;Нет;
5359;полуколонна;1.10.203;Нет;
5360;полуколонна;1.10.204;Нет;
5361;полуколонна;1.10.205;Нет;
5362;полуколонна;1.10.206;Нет;
5363;полуколонна;1.10.207;Нет;
5364;полуколонна;1.10.208;Нет;
5365;полуколонна;1.10.209;Нет;
5366;полуколонна;1.10.210;Нет;
5367;полуколонна;1.10.211;Нет;
5368;полуколонна;1.10.212;Нет;
5369;полуколонна;1.10.213;Нет;
5370;полуколонна;1.10.214;Нет;
5371;полуколонна;1.10.101;Нет;
5372;полуколонна;1.10.102;Нет;
5373;полуколонна;1.10.103;Нет;
5374;полуколонна;1.10.104;Нет;
5375;полуколонна;1.10.105;Нет;
5376;полуколонна;1.10.106;Нет;
5377;колонна;1.30.301;Нет;
5378;колонна;1.30.302;Нет;
5379;колонна;1.30.303;Нет;
5380;колонна;1.30.304;Нет;
5381;колонна;1.30.201;Нет;
5382;колонна;1.30.202;Нет;
5383;колонна;1.30.204;Нет;
5384;колонна;1.30.205;Нет;
5385;колонна;1.30.206;Нет;
5386;колонна;1.30.207;Нет;
5387;колонна;1.30.208;Нет;
5388;колонна;1.30.209;Нет;
5389;колонна;1.30.210;Нет;
5390;колонна;1.30.211;Нет;
5391;колонна;1.30.212;Нет;
5392;колонна;1.30.213;Нет;
5393;колонна;1.30.214;Нет;
5394;колонна;1.30.101;Нет;
5395;колонна;1.30.102;Нет;
5396;колонна;1.30.104;Нет;
5397;колонна;1.30.105;Нет;
5398;колонна;1.30.106;Нет;
5861;карниз;1.50.205;Нет;436,28
5862;карниз FLEX;1.50.196;Да;820
5863;карниз FLEX;1.50.198;Да;882,96
5864;карниз FLEX;1.50.201;Да;1990
5865;карниз FLEX;1.50.205;Да;870
5866;молдинг;1.51.345;Нет;550,68
5867;молдинг;1.51.357;Нет;331,24
5868;молдинг;1.51.358;Нет;522,6
5869;молдинг;1.51.361;Нет;357,76
5870;молдинг;1.51.381;Нет;849,16
5871;молдинг FLEX;1.51.345;Да;1101
5872;молдинг FLEX;1.51.357;Да;662,48
5873;молдинг FLEX;1.51.358;Да;1045,2
5874;молдинг FLEX;1.51.361;Да;715,52
5875;молдинг FLEX;1.51.381;Да;1698,32
5876;архитрав;1.26.001;Нет;903,24
5877;архитрав;1.26.002;Нет;903,24
5878;архитрав;1.26.003;Нет;925,08
5879;розетка;1.56.036;Нет;1645,28
5880;база;1.13.600;Нет;2955
5881;ниша;1.61.101;Нет;1805,96
5882;ниша;1.61.102;Нет;2770
5883;ниша с полкой;1.61.110;Нет;1671,8
5884;ниша с полкой;1.61.120;Нет;3415,88
5885;сандрик;1.63.001;Нет;933,4
5886;сандрик;1.63.002;Нет;878,28
5887;карниз;4.02.201;Нет;4016,88
5888;карниз;4.01.201;Нет;4074,84
5889;карниз;4.01.101;Нет;3492,72
5890;карниз;4.01.301;Нет;3784,03
5891;карниз;4.32.202;Нет;2910,6
5892;карниз;4.01.103;Нет;5239,08
5893;карниз;4.31.301;Нет;3492,72
5894;карниз;4.32.201;Нет;2910,6
5895;карниз;4.81.002;Нет;2619,79
5896;карниз;4.32.302;Нет;2677,75
5897;карниз;4.01.202;Нет;4366,15
5898;карниз;4.01.302;Нет;4074,84
5899;карниз;4.02.101;Нет;4366,15
5900;карниз;4.31.101;Нет;4540,54
5901;карниз;4.31.201;Нет;2910,6
5902;карниз;4.31.202;Нет;3201,91
5903;карниз;4.31.302;Нет;2910,6
5904;карниз;4.32.101;Нет;2328,48
5905;карниз;4.32.301;Нет;2910,6
5906;карниз;4.81.001;Нет;2154,1
5907;карниз;4.02.301;Нет;4366,15
5908;фриз;4.03.101;Нет;2037,67
5909;фриз;4.03.102;Нет;1979,21
5910;фриз;4.03.201;Нет;1455,55
5911;фриз;4.03.202;Нет;1629,94
5912;фриз;4.03.301;Нет;1047,82
5913;фриз;4.33.301;Нет;1047,82
5914;фриз;4.03.302;Нет;1629,94
5915;фриз;4.33.101;Нет;1746,36
5916;фриз;4.33.102;Нет;873,43
5917;фриз;4.33.201;Нет;2037,67
5918;фриз;4.33.202;Нет;1106,28
5919;архитрав;4.04.201;Нет;1455,55
5920;архитрав;4.34.201;Нет;1339,13
5921;архитрав;4.34.202;Нет;1164,24
5922;архитрав;4.04.101;Нет;1164,24
5923;архитрав;4.04.102;Нет;1571,98
5924;архитрав;4.04.202;Нет;1862,78
5925;архитрав;4.04.301;Нет;1106,28
5926;архитрав;4.04.302;Нет;1862,78
5927;архитрав;4.34.101;Нет;1746,36
5928;архитрав;4.34.102;Нет;1047,82
5929;архитрав;4.34.301;Нет;1455,55
5930;архитрав;4.34.302;Нет;1047,82
5931;балясина;4.71.101;Нет;873,43
5932;балясина;4.71.201;Нет;757,01
5933;столб;4.75.101;Нет;2910,6
5934;столб;4.75.201;Нет;2328,48
5935;крышка (пирамида);4.76.101;Нет;465,7
5936;крышка (пирамида);4.76.201;Нет;262,58
5937;крышка столба (плоская);4.73.101;Нет;379,01
5938;крышка столба (плоская);4.73.201;Нет;291,31
5939;крышка (шар);4.77.101;Нет;465,7
5940;крышка (шар);4.77.201;Нет;379,01
5941;основание;4.74.101;Нет;4948,27
5942;основание;4.74.201;Нет;4074,84
5943;поручень;4.72.101;Нет;4249,73
5944;поручень;4.72.201;Нет;3784,03
5945;наличник;4.84.001;Нет;1455,55
5946;наличник;4.84.002;Нет;1255,46
5947;наличник;4.84.003;Нет;968,18
5948;наличник;4.84.051;Нет;1513,51
5949;наличник;4.84.052;Нет;1198,51
5950;наличник;4.84.053;Нет;914,26
5951;арочное обрамление;4.87.031;Нет;1339,13
5952;арочное обрамление;4.87.032;Нет;1077,55
5953;арочное обрамление;4.87.033;Нет;698,54
5954;замковый камень;4.85.001;Нет;396,14
5955;замковый камень;4.85.002;Нет;349,27
5956;замковый камень;4.85.003;Нет;349,27
5957;подоконный элемент;4.82.001;Нет;1746,36
5958;подоконный элемент;4.82.002;Нет;1164,24
5959;подоконный элемент;4.82.003;Нет;1164,24
5960;подоконный элемент;4.82.101;Нет;844,7
5961;подоконный элемент;4.82.201;Нет;873,43
5962;подоконный элемент;4.82.202;Нет;873,43
5963;подоконный элемент;4.82.301;Нет;873,43
5964;подоконный элемент;4.82.302;Нет;873,43
5965;кронштейн-пьедестал;4.83.101;Нет;931,39
5966;кронштейн-пьедестал;4.83.102;Нет;568,01
5967;кронштейн-пьедестал;4.83.201;Нет;640,58
5968;кронштейн-пьедестал;4.83.202;Нет;655,7
5969;кронштейн-пьедестал;4.83.301;Нет;582,12
5970;кронштейн-пьедестал;4.83.302;Нет;524,16
5971;руст;4.86.003;Нет;379,01
5972;руст;4.86.004;Нет;232,85
5973;руст;4.86.005;Нет;379,01
5974;руст;4.86.001;Нет;640,58
5975;руст;4.86.002;Нет;407,74
5982;угловой элемент;1.52.361;Нет;284,44
5983;база;4.17.302;Нет;814,97
5984;база;4.53.201;Нет;306,43
5985;база;4.53.301;Нет;218,74
5986;база;4.17.101;Нет;814,97
5987;база;4.17.201;Нет;814,97
5988;база;4.17.202;Нет;582,12
5989;база;4.17.301;Нет;640,58
5990;база;4.23.101;Нет;611,86
5991;база;4.23.201;Нет;611,86
5992;база;4.23.301;Нет;611,86
5993;база;4.43.101;Нет;730,3
5994;база;4.43.201;Нет;672,84
5995;база;4.43.202;Нет;768,6
5996;база;4.43.301;Нет;768,6
5997;база;4.43.302;Нет;768,6
5998;база;4.47.101;Нет;332,14
5999;база;4.47.201;Нет;306,43
6000;база;4.47.202;Нет;349,27
6001;база;4.47.301;Нет;349,27
6002;база;4.47.302;Нет;349,27
6003;база;4.53.101;Нет;262,58
6004;база;4.53.302;Нет;218,74
6005;база;4.13.101;Нет;1793,23
6006;база;4.13.201;Нет;1793,23
6007;база;4.13.202;Нет;1280,66
6008;база;4.13.301;Нет;1409,18
6009;база;4.13.302;Нет;1793,23
6010;база;4.17.002;Нет;1106,28
6011;база;4.17.001;Нет;989,86
6012;капитель;4.51.301;Нет;349,27
6013;капитель;4.15.101;Нет;786,24
6014;капитель;4.15.201;Нет;698,54
6015;капитель;4.15.301;Нет;989,86
6016;капитель;4.21.101;Нет;611,86
6017;капитель;4.21.201;Нет;611,86
6018;капитель;4.21.301;Нет;873,43
6019;капитель;4.41.101;Нет;1018,58
6020;капитель;4.41.201;Нет;672,84
6021;капитель;4.41.301;Нет;768,6
6022;капитель;4.45.101;Нет;463,18
6023;капитель;4.45.201;Нет;306,43
6024;капитель;4.45.301;Нет;349,27
6025;капитель;4.51.101;Нет;262,58
6026;капитель;4.51.201;Нет;262,58
6027;капитель;4.11.101;Нет;1729,22
6028;капитель;4.11.201;Нет;1537,2
6029;капитель;4.11.301;Нет;2177,28
6030;капитель;4.15.102;Нет;1310,4
6031;регул;4.37.101;Нет;76,1
6032;регул;4.07.101;Нет;76,1
6033;мутул;4.05.102;Нет;393,12
6034;мутул;4.35.102;Нет;116,42
6035;мутул;4.35.101;Нет;151,7
6036;мутул;4.05.101;Нет;419,33
6037;модильон;4.08.301;Нет;122,98
6038;модильон;4.08.302;Нет;76,1
6039;модильон;4.38.301;Нет;76,1
6040;модильон;4.38.302;Нет;76,1
6041;триглиф;4.36.101;Нет;104,83
6042;триглиф;4.06.101;Нет;221,26
6043;ствол;4.52.102;Нет;1164,24
6044;ствол;4.52.301;Нет;873,43
6045;ствол;4.16.101;Нет;4656,96
6046;ствол;4.16.102;Нет;2910,6
6047;ствол;4.16.201;Нет;3784,03
6048;ствол;4.16.202;Нет;3492,72
6049;ствол;4.16.301;Нет;2910,6
6050;ствол;4.22.101;Нет;2910,6
6051;ствол;4.22.102;Нет;2619,79
6052;ствол;4.22.201;Нет;2619,79
6053;ствол;4.22.202;Нет;2619,79
6054;ствол;4.22.301;Нет;2677,75
6055;ствол;4.22.302;Нет;2328,48
6056;ствол;4.42.101;Нет;2817,86
6057;ствол;4.42.201;Нет;2305,3
6058;ствол;4.42.301;Нет;1921,25
6059;ствол;4.46.101;Нет;1280,66
6060;ствол;4.46.201;Нет;1047,82
6061;ствол;4.46.301;Нет;873,43
6062;ствол;4.52.101;Нет;1164,24
6063;ствол;4.52.201;Нет;1164,24
6064;ствол;4.52.202;Нет;1397,09
6065;ствол;4.52.302;Нет;698,54
6066;верхний фрагмент ствола;4.16.001;Нет;1280,66
6067;фрагмент ствола;4.16.002;Нет;1310,4
6068;ствол;4.12.301;Нет;6403,32
6069;ствол;4.12.101;Нет;10245,31
6070;ствол;4.12.102;Нет;6403,32
6071;ствол;4.12.202;Нет;7683,98
6072;ствол;4.12.201;Нет;8324,57
6073;колонна;4.30.301;Нет;
6074;колонна;4.30.201;Нет;
6075;колонна;4.30.202;Нет;
6076;колонна;4.30.101;Нет;
6077;колонна;4.30.102;Нет;
6078;колонна;4.30.104;Нет;
6079;колонна;4.30.204;Нет;
6080;колонна;4.30.304;Нет;
6081;полуколонна;4.10.301;Нет;
6082;полуколонна;4.10.201;Нет;
6083;полуколонна;4.10.202;Нет;
6084;полуколонна;4.10.101;Нет;
6085;полуколонна;4.10.102;Нет;
6086;полуколонна;4.10.104;Нет;
6087;полуколонна;4.10.103;Нет;
6088;полуколонна;4.10.204;Нет;
6089;полуколонна;4.10.305;Нет;
6090;пилястра;4.20.301;Нет;
6091;пилястра;4.20.302;Нет;
6092;пилястра;4.20.201;Нет;
6093;пилястра;4.20.202;Нет;
6094;пилястра;4.20.101;Нет;
6095;пилястра;4.20.102;Нет;
6096;пилястра;4.20.103;Нет;
6097;пилястра;4.20.104;Нет;
6098;пилястра;4.20.203;Нет;
6099;пилястра;4.20.204;Нет;
6100;пилястра;4.20.303;Нет;
6101;пилястра;4.20.304;Нет;
6102;пилястра;4.20.305;Нет;
6103;пилястра;4.20.306;Нет;
6104;клей монтажный 290 мл;E01.M.290;Нет;158
6105;клей универсальный 290 мл;E04.U.290;Нет;263
6106;клей стыковочный 80 мл;k-es80;Нет;226,8
6107;клей стыковочный 290 мл;E02.S.290;Нет;450
6108;карниз;1.50.101;Нет;406,12
6109;карниз FLEX;1.50.101;Да;811
6110;карниз FLEX;1.50.199;Да;872,56
6111;карниз;1.50.199;Нет;436,28
6112;молдинг;1.51.353;Нет;263,12
6113;молдинг FLEX;1.51.353;Да;526,24
6114;молдинг;1.51.356;Нет;331,24
6115;молдинг FLEX;1.51.356;Да;662,48
6135;откос;4.88.001;Нет;1019,09
6136;база;1.54.010;Нет;325
6168;элемент камина;1.64.004;Нет;4443,92
6169;элемент камина;1.64.005;Нет;2253,68
6170;элементы декоративного камина;1.64.100;Нет;
6171;элемент камина;1.64.005;Нет;2253,68
6172;карниз;1.50.108;Нет;787
6173;карниз;1.50.161;Нет;436,28
6174;карниз;1.50.179;Нет;412,88
6175;карниз;1.50.189;Нет;436,28
6176;карниз;1.50.207;Нет;426,92
6177;карниз;1.50.274;Нет;436,28
6178;карниз;1.50.275;Нет;796,64
6179;молдинг;1.51.346;Нет;283,4
6180;розетка;1.56.040;Нет;1382,16
6181;розетка;1.56.041;Нет;959,92
6182;кронштейн;1.19.007;Нет;530,4
6183;кронштейн;1.19.008;Нет;530,4
6184;капитель;1.21.008;Нет;544,96
6185;ствол;1.22.050;Нет;804
6186;база;1.23.600;Нет;572
6187;пилястра;1.20.103;Нет;
6188;карниз;4.91.001;Нет;2772
6189;карниз;4.91.004;Нет;3603,6
6194;карниз FLEX;1.50.208;Да;872,56
6195;карниз FLEX;1.50.204;Да;783
6196;карниз FLEX;1.50.189;Да;870
6198;замковый камень;4.85.004;Нет;365,9
6199;замковый камень;4.85.005;Нет;498,96
6200;карниз;4.91.002;Нет;4158
6201;наличник;4.84.005;Нет;609,84
6202;кронштейн-пьедестал;4.83.003;Нет;174,89
6206;молдинг;1.51.359;Нет;331,24
6207;карниз FLEX;1.50.161;Да;872,56
6208;молдинг FLEX;1.51.359;Да;662,48
6211;наличник;4.84.004;Нет;792,79
6212;наличник;4.84.006;Нет;1219,68
6213;карниз;4.91.003;Нет;2561,33
6214;карниз;4.91.005;Нет;2744,28
6215;фриз;4.33.302;Нет;873,43
6216;кронштейн-пьедестал;4.83.002;Нет;209,66
6217;фрагмент ствола;4.16.002;Нет;1310,4
6218;фрагмент ствола;4.16.002;Нет;1310,4
6313;молдинг FLEX;1.51.346;Да;566,8
6355;угловой элемент;1.52.322;Нет;263
6356;угловой элемент;1.52.348;Нет;277
6357;угловой элемент;1.52.286;Нет;248,56
6358;угловой элемент;1.52.287;Нет;264,16
6359;карниз FLEX;1.50.108;Да;1574
6360;карниз;1.50.213;Нет;446
6361;карниз FLEX;1.50.213;Да;894
6362;карниз;1.50.279;Нет;833,04
6363;карниз;1.50.276;Нет;426,92
6364;карниз FLEX;1.50.276;Да;853,84
6365;карниз;1.50.278;Нет;449,8
6366;карниз FLEX;1.50.278;Да;899,6
6367;розетка;1.56.044;Нет;905,32
6368;молдинг;1.51.360;Нет;323,44
6369;молдинг FLEX;1.51.360;Да;646,88
6370;молдинг;1.51.363;Нет;350,48
6371;молдинг FLEX;1.51.363;Да;700,96
6372;молдинг;1.51.362;Нет;330,72
6373;молдинг FLEX;1.51.362;Да;661,44
6374;молдинг;1.51.370;Нет;363,48
6375;молдинг FLEX;1.51.370;Да;726,96
6376;плинтус;1.53.110;Нет;612,04
6377;плинтус FLEX;1.53.110;Да;1224,08
6378;колонна;1.30.203;Нет;
6379;колонна;1.30.103;Нет;
6380;карниз FLEX;1.50.179;Да;825,76
6381;карниз FLEX;1.50.207;Да;853,84
6382;карниз FLEX;1.50.275;Да;1595
6385;ствол;4.16.003;Нет;914,76
6386;ствол;4.16.004;Нет;1275,12
6387;ствол;4.16.005;Нет;914,76
6388;капитель;4.15.202;Нет;1829,52
6389;капитель;4.15.302;Нет;2744,28
6390;капитель;4.11.102;Нет;2881,87
6391;капитель;4.11.202;Нет;4024,94
6392;капитель;4.11.302;Нет;6037,42
6393;база;4.13.001;Нет;2177,28
6394;ствол;4.12.001;Нет;2817,86
6395;ствол;4.12.002;Нет;2882,38
6396;ствол;4.12.003;Нет;2012,47
6397;ствол;4.12.004;Нет;2805,26
6398;ствол;4.12.005;Нет;2012,47
6423;карниз FLEX;1.50.271;Да;2489,76
6424;карниз FLEX;1.50.274;Да;872,56
6429;клей стыковочный 60 мл;E03.S.60;Нет;189
6430;база;1.54.030;Нет;338
6431;квадрат;1.54.013;Нет;124
6432;квадрат;1.54.013;Нет;124
6433;база;1.54.030;Нет;338
6434;угловой элемент;1.52.285;Нет;247
6435;молдинг;1.51.367;Нет;530,4
6436;молдинг FLEX;1.51.367;Да;1060,8
6437;карниз;1.50.214;Нет;406
6438;карниз;1.50.280;Нет;1109,68
6439;молдинг;1.51.368;Нет;631,28
6440;орнамент;1.60.025;Нет;404,04
6441;орнамент;1.60.032;Нет;743,08
6442;орнамент;1.60.020;Нет;160
6443;орнамент;1.60.120;Нет;160
6444;торцевой элемент;4.33.332;Нет;128,52
6445;торцевой элемент;4.31.232;Нет;880,99
6446;торцевой элемент;4.81.031;Нет;237,38
6447;торцевой элемент;4.81.032;Нет;318,02
6448;внешний угол;4.32.111;Нет;768,6
6449;внешний угол;4.32.312;Нет;899,64
6450;внешний угол;4.81.011;Нет;474,26
6451;внешний угол;4.81.012;Нет;605,81
6452;внутренний угол;4.31.222;Нет;1233,29
6453;внутренний угол;4.32.221;Нет;945,5
6454;внутренний угол;4.81.021;Нет;474,26
6455;внутренний угол;4.81.022;Нет;605,81
6456;опорный блок;4.78.101;Нет;262,58
6457;полукрышка;4.73.211;Нет;174,89
6458;полукрышка пирамида;4.76.111;Нет;291,31
6459;полуоснование;4.74.111;Нет;2910,6
6460;полупоручень;4.72.111;Нет;2619,79
6461;полустолб;4.75.111;Нет;1746,36
6462;полустолб;4.75.211;Нет;1397,09
6463;торцевой элемент;4.02.331;Нет;1417,25
6464;торцевой элемент;4.03.131;Нет;128,52
6465;торцевой элемент;4.03.132;Нет;154,73
6466;торцевой элемент;4.03.332;Нет;134,57
6467;полубалясина;4.71.111;Нет;582,12
6468;полубалясина;4.71.211;Нет;465,7
6469;торцевой элемент;4.33.331;Нет;128,52
6470;торцевой элемент;4.34.131;Нет;209,66
6471;торцевой элемент;4.34.231;Нет;160,78
6472;внутренний угол;4.32.322;Нет;899,64
6473;торцевой элемент;4.32.331;Нет;657,22
6474;торцевой элемент;4.32.332;Нет;604,3
6475;торцевой элемент;4.33.132;Нет;128,52
6476;торцевой элемент;4.33.232;Нет;128,52
6477;торцевой элемент;4.04.331;Нет;128,52
6478;внешний угол;4.01.111;Нет;1748,88
6479;внешний угол;4.01.113;Нет;2651,54
6480;внешний угол;4.01.211;Нет;1726,7
6481;внешний угол;4.01.212;Нет;1849,68
6482;внешний угол;4.01.311;Нет;1707,05
6483;внешний угол;4.02.111;Нет;1970,14
6484;внешний угол;4.02.211;Нет;1635,48
6485;внешний угол;4.02.311;Нет;1897,56
6486;внутренний угол;4.01.121;Нет;1748,88
6487;внутренний угол;4.01.123;Нет;2651,54
6488;внутренний угол;4.01.221;Нет;1726,7
6489;внутренний угол;4.01.222;Нет;1849,68
6490;внутренний угол;4.01.321;Нет;1707,05
6491;внутренний угол;4.01.322;Нет;1838,09
6492;внутренний угол;4.02.121;Нет;1970,14
6493;плинтус столба;4.79.101;Нет;407,74
6497;МОНТАЖНЫЙ КОМПЛЕКТ 101;m_comp_b101;Нет;2381
6498;карниз;1.50.284;Нет;398,32
6499;карниз FLEX;1.50.284;Да;796,64
6500;карниз;1.50.283;Нет;384,28
6501;МОНТАЖНЫЙ КОМПЛЕКТ 201;m_comp_b201;Нет;2016
6502;внешний угол;4.32.212;Нет;945,5
6503;внешний угол;4.32.121;Нет;768,6
6504;торцевой элемент;4.32.131;Нет;518,11
6505;балюстрада;4.70.101;Нет;
6506;балюстрада;4.70.102;Нет;
6507;балюстрада;4.70.103;Нет;
6508;балюстрада;4.70.111;Нет;
6509;балюстрада;4.70.112;Нет;
6510;балюстрада;4.70.201;Нет;
6511;балюстрада;4.70.202;Нет;
6512;балюстрада;4.70.203;Нет;
6513;балюстрада;4.70.211;Нет;
6514;балюстрада;4.70.212;Нет;
6515;полукрышка;4.73.111;Нет;232,85
6516;полупоручень;4.72.211;Нет;2270,52
6517;полуоснование;4.74.211;Нет;2444,9
6518;полукрышка пирамида;4.76.211;Нет;174,89
6519;ниша;0-1.61.102-1.61.120;Нет;
6520;ниша;0-1.61.101-1.61.110;Нет;
6538;орнамент;1.60.026;Нет;150
6539;орнамент;1.60.029;Нет;448,76
6540;карниз;1.50.281;Нет;1132,56
6541;молдинг;1.51.374;Нет;512,72
6542;молдинг FLEX;1.51.374;Да;1025,44
6544;внешний угол;4.32.311;Нет;977,26
6545;внутренний угол;4.32.321;Нет;977,26
6546;торцевой элемент;4.32.231;Нет;624,96
6547;орнамент;1.60.021;Нет;914
6548;орнамент;1.60.022;Нет;1093
6549;орнамент;1.60.024;Нет;400
6550;орнамент;1.60.027;Нет;399,88
6551;орнамент;1.60.028;Нет;513,24
6552;кронштейн;1.19.010;Нет;530,4
6553;карниз;1.50.285;Нет;867,36
6554;карниз;1.50.286;Нет;427,44
6555;карниз;1.50.282;Нет;384,28
6564;карниз FLEX;1.50.286;Да;854,88
6565;карниз;1.50.288;Нет;384,28
6566;молдинг;1.51.375;Нет;323,96
6581;карниз FLEX;1.50.288;Да;768,56
6582;карниз FLEX;1.50.280;Да;2219,36
6583;орнамент;1.60.034;Нет;377
6584;молдинг;1.51.373;Нет;530,92
6585;орнамент;1.60.033;Нет;382,72
6586;орнамент;1.60.030;Нет;384,8
6587;карниз;1.50.277;Нет;855,92
6588;розетка;1.56.008;Нет;699,92
6589;орнамент;1.60.031;Нет;381,16
6590;орнамент;1.60.123;Нет;468
6591;орнамент;1.60.023;Нет;468
6592;полуколонна;4.10.205;Нет;
6593;полуколонна;4.10.206;Нет;
6594;ствол;4.16.004;Нет;1275,12
6595;ствол;4.16.004;Нет;1275,12
6596;полуколонна;4.10.307;Нет;
6597;полуколонна;4.10.306;Нет;
6598;база;4.13.002;Нет;2433,31
6599;ствол;4.12.002;Нет;2882,38
6600;ствол;4.12.002;Нет;2882,38
6601;ствол;4.12.004;Нет;2805,26
6602;ствол;4.12.004;Нет;2805,26
6603;колонна;4.30.205;Нет;
6604;колонна;4.30.306;Нет;
6605;колонна;4.30.206;Нет;
6606;колонна;4.30.307;Нет;
6611;карниз FLEX;1.50.273;Да;2080
6612;молдинг FLEX;1.51.375;Да;647,92
6613;внешний угол;4.01.312;Нет;1838,09
6614;сандрик;4.89.001;Нет;2963,52
6615;орнамент;4.99.001;Нет;296,86
6616;орнамент;4.99.002;Нет;136,08
6617;внутренний угол;4.02.221;Нет;1634,98
6618;внутренний угол;4.02.321;Нет;1897,56
6619;торцевой элемент;4.34.332;Нет;128,52
6620;торцевой элемент;4.34.232;Нет;128,52
6621;торцевой элемент;4.01.131;Нет;1364,83
6622;торцевой элемент;4.34.132;Нет;128,52
6623;торцевой элемент;4.32.232;Нет;624,96
6624;торцевой элемент;4.01.133;Нет;2075,47
6625;торцевой элемент;4.01.231;Нет;1277,64
6626;внутренний угол;4.32.222;Нет;945,5
6627;торцевой элемент;4.01.232;Нет;1369,37
6628;внешний угол;4.32.211;Нет;945,5
6629;торцевой элемент;4.01.331;Нет;1290,74
6630;торцевой элемент;4.34.331;Нет;160,27
6631;торцевой элемент;4.01.332;Нет;1390,03
6632;торцевой элемент;4.33.231;Нет;180,94
6633;торцевой элемент;4.33.131;Нет;177,41
6634;торцевой элемент;4.31.332;Нет;833,11
6635;торцевой элемент;4.31.331;Нет;999,43
6636;торцевой элемент;4.31.231;Нет;800,86
6637;торцевой элемент;4.02.131;Нет;1474,7
6638;торцевой элемент;4.31.131;Нет;1548,79
6639;торцевой элемент;4.02.231;Нет;1193,98
6640;внутренний угол;4.31.322;Нет;1152,65
6641;торцевой элемент;4.03.132;Нет;154,73
6642;внутренний угол;4.31.321;Нет;1383,48
6643;торцевой элемент;4.03.231;Нет;128,52
6644;внутренний угол;4.31.221;Нет;1121,4
6645;внутренний угол;4.31.121;Нет;2048,26
6646;торцевой элемент;4.03.232;Нет;128,52
6647;торцевой элемент;4.03.331;Нет;128,52
6648;внешний угол;4.31.312;Нет;1152,65
6649;торцевой элемент;4.04.131;Нет;128,52
6650;внешний угол;4.31.311;Нет;1383,48
6651;торцевой элемент;4.04.132;Нет;128,52
6652;внешний угол;4.31.212;Нет;1233,29
6653;торцевой элемент;4.04.231;Нет;128,52
6654;внешний угол;4.31.211;Нет;1121,4
6655;торцевой элемент;4.04.232;Нет;128,52
6656;внешний угол;4.31.111;Нет;2048,26
6657;торцевой элемент;4.04.332;Нет;128,52
6658;торцевой элемент;4.82.031;Нет;160,27
6659;арочное обрамление FLEX;4.87.031;Да;1746,36
6660;арочное обрамление FLEX;4.87.032;Да;1746,36
6661;арочное обрамление FLEX;4.87.033;Да;1047,82
6662;карниз FLEX;1.50.281;Да;2265,12
6663;карниз FLEX;1.50.282;Да;768,56
6664;молдинг FLEX;1.51.368;Да;1262,56
6665;молдинг;1.51.364;Нет;483,08
6666;элемент камина;1.64.001;Нет;5016,44
6667;элемент камина;1.64.002;Нет;2927,6
6668;элемент камина;1.64.003;Нет;2927,6
6669;элементы декоративного камина;1.64.101;Нет;
6670;карниз FLEX;1.50.277;Да;1711,84
6671;молдинг FLEX;1.51.373;Да;1061,84
6672;розетка;1.56.050;Нет;569,92
6674;архитрав FLEX;1.26.001;Да;1806,48
6675;архитрав FLEX;1.26.002;Да;1806,48
6676;архитрав FLEX;1.26.003;Да;1850,16
6683;розетка;1.56.047;Нет;569,92
6684;кронштейн;1.19.011;Нет;547
6687;молдинг;1.51.307;Нет;542
6707;молдинг;1.51.369;Нет;449,8
6708;молдинг;1.51.376;Нет;354
6709;розетка;1.56.045;Нет;1345,76
6710;угловой элемент;1.52.352;Нет;279,24
6711;кронштейн;1.19.009;Нет;530,4
6736;орнамент;1.60.037;Нет;473
6737;орнамент;1.60.038;Нет;450
6738;орнамент;1.60.039;Нет;455
6739;орнамент;1.60.040;Нет;487
6740;наличник;1.54.014;Нет;868
6741;розетка;1.56.043;Нет;446,16
6742;розетка;1.56.048;Нет;446,16
6743;розетка;1.56.049;Нет;430,04
6744;розетка;1.56.051;Нет;421,2
6749;карниз;1.50.290;Нет;401
6750;угловой элемент;1.52.375;Нет;284
6751;кронштейн;1.19.013;Нет;657
6755;молдинг;1.51.338;Нет;282
6756;угловой элемент;1.52.376;Нет;275
6757;орнамент;1.60.035;Нет;131,56
6758;орнамент;1.60.135;Нет;131,56
6761;угловой элемент;1.52.283;Нет;267,28
6762;угловой элемент;1.52.284;Нет;257,4
6763;кронштейн;1.19.012;Нет;530,4
6764;розетка;1.56.046;Нет;1578,72
6765;карниз;1.50.225;Нет;369,2
6766;карниз;1.50.226;Нет;405,6
6767;орнамент;1.60.036;Нет;902,2
6768;карниз;1.50.289;Нет;379
6770;карниз FLEX;1.50.283;Да;768,56
6771;карниз;1.50.206;Нет;309
6772;кронштейн;1.19.014;Нет;555
6773;карниз;1.50.295;Нет;291
6783;карниз;1.50.293;Нет;453
6784;карниз;1.50.294;Нет;310
6785;карниз FLEX;1.50.279;Да;1666,08
6786;карниз FLEX;1.50.293;Да;897,52
6787;карниз FLEX;1.50.294;Да;613,6
6807;карниз FLEX;1.50.290;Да;796,64
6808;карниз FLEX;1.50.289;Да;751,92
6809;карниз FLEX;1.50.206;Да;617
6810;карниз FLEX;1.50.295;Да;576,16
6811;молдинг FLEX;1.51.376;Да;707
6812;молдинг FLEX;1.51.338;Да;564
6817;кронштейн;1.19.018;Нет;730
6818;молдинг;1.51.382;Нет;581
6819;молдинг;1.51.377;Нет;291
6820;молдинг;1.51.379;Нет;287
6821;карниз;1.50.272;Нет;310
6823;молдинг FLEX;1.51.379;Да;573
6824;карниз FLEX;1.50.272;Да;618
6826;молдинг;1.51.371;Нет;457,08
6827;карниз;1.50.292;Нет;287
6828;карниз FLEX;1.50.292;Да;568,88
6829;карниз FLEX;1.50.225;Да;738,4
6830;карниз FLEX;1.50.226;Да;811,2
6831;карниз FLEX;1.50.214;Да;744
6835;молдинг;1.51.378;Нет;275
6836;розетка;1.56.052;Нет;403,52
6837;квадрат;1.54.017;Нет;111,8
8330;молдинг FLEX;1.51.378;Да;549
8331;молдинг FLEX;1.51.377;Да;578
8332;молдинг FLEX;1.51.382;Да;1152,32
8981;кронштейн;1.19.015;Нет;518,44
12094;карниз;1.50.298;Нет;300,56
12104;молдинг;1.51.372;Нет;275,6
13520;карниз;1.50.296;Нет;434,2
14598;угловой элемент;1.52.299;Нет;294,84
14599;угловой элемент;1.52.279;Нет;294,84
14600;молдинг;1.51.365;Нет;405,08
14781;плинтус;1.53.108;Нет;570,96
17562;кронштейн;1.19.016;Нет;554,84
17563;розетка;1.56.053;Нет;711,36
21020;карниз;1.50.227;Нет;1132,56
21021;молдинг;1.51.385;Нет;512,2
21022;наличник;1.54.015;Нет;834,6
21023;сандрик;1.63.003;Нет;934,44
21126;плинтус FLEX;1.53.108;Да;1141,92
21618;карниз;1.50.299;Нет;294,32
21619;карниз;1.50.297;Нет;275,6
21620;молдинг;1.51.383;Нет;356,72
21621;молдинг;1.51.384;Нет;281,84
21623;розетка;1.56.055;Нет;1573,52
22331;наличник;1.54.016;Нет;
22334;молдинг FLEX;1.51.385;Да;1024,4
22336;карниз FLEX;1.50.296;Да;868,4
22339;карниз FLEX;1.50.298;Да;601,12
26151;колонна;4.30.103;Нет;
26629;карниз;1.50.249;Нет;
27652;розетка;1.56.054;Нет;
28243;карниз FLEX;1.50.299;Да;
28244;карниз FLEX;1.50.297;Да;
28245;молдинг FLEX;1.51.384;Да;
29278;карниз;1.50.215;Нет;
29860;плинтус;1.53.111;Нет;407,74
31363;карниз;1.50.216;Нет;
31409;розетка;1.56.057;Нет;
33172;кронштейн;1.19.017;Нет;
33407;карниз;1.50.228;Нет;
