IE_XML_ID;IE_NAME;IP_PROP142;IP_PROP157;IP_PROP163;IP_PROP164
4774;карниз;1.50.114;Нет;4;72,5
4775;карниз;1.50.115;Нет;4;72,5
4776;карниз;1.50.116;Нет;4;72,5
4777;карниз;1.50.117;Нет;5;82,8
4778;карниз;1.50.118;Нет;4;72,5
4779;карниз;1.50.119;Нет;4;72,5
4780;карниз;1.50.120;Нет;4;72,5
4781;карниз;1.50.121;Нет;4;72,5
4782;карниз;1.50.122;Нет;4;72,5
4783;карниз;1.50.100;Нет;4;72,5
4784;карниз;1.50.102;Нет;4;72,5
4785;карниз;1.50.103;Нет;4;93
4786;карниз;1.50.104;Нет;4;72,5
4787;карниз;1.50.105;Нет;4;72,5
4788;карниз;1.50.106;Нет;4;72,5
4789;карниз;1.50.107;Нет;4;72,5
4790;карниз;1.50.109;Нет;4;72,5
4791;карниз;1.50.110;Нет;5;82,8
4792;карниз;1.50.111;Нет;5;82,8
4793;карниз;1.50.112;Нет;4;72,5
4794;карниз;1.50.113;Нет;4;72,5
4795;карниз;1.50.123;Нет;4;72,5
4796;карниз;1.50.124;Нет;4;72,5
4797;карниз;1.50.125;Нет;4;72,5
4798;карниз;1.50.126;Нет;4;72,5
4799;карниз;1.50.127;Нет;4;72,5
4800;карниз;1.50.128;Нет;4;72,5
4801;карниз;1.50.129;Нет;4;72,5
4802;карниз;1.50.130;Нет;4;72,5
4803;карниз;1.50.131;Нет;4;72,5
4804;карниз;1.50.132;Нет;5;82,8
4805;карниз;1.50.133;Нет;5;82,8
4806;карниз;1.50.134;Нет;5;82,8
4807;карниз;1.50.135;Нет;4;72,5
4808;карниз;1.50.136;Нет;5;82,8
4809;карниз;1.50.137;Нет;5;82,8
4810;карниз;1.50.138;Нет;5;82,8
4811;карниз;1.50.139;Нет;4;72,5
4812;карниз;1.50.140;Нет;4;72,5
4813;карниз;1.50.141;Нет;4;72,5
4814;карниз;1.50.142;Нет;4;72,5
4815;карниз;1.50.143;Нет;4;72,5
4816;карниз;1.50.144;Нет;4;72,5
4817;карниз;1.50.145;Нет;5;82,8
4818;карниз;1.50.146;Нет;4;72,5
4819;карниз;1.50.147;Нет;5;82,8
4820;карниз;1.50.148;Нет;4;72,5
4821;карниз;1.50.149;Нет;5;82,8
4822;карниз;1.50.150;Нет;4;72,5
4823;карниз;1.50.151;Нет;5;82,8
4824;карниз;1.50.152;Нет;5;82,8
4825;карниз;1.50.153;Нет;5;82,8
4826;карниз;1.50.154;Нет;4;72,5
4827;карниз;1.50.155;Нет;4;72,5
4828;карниз;1.50.156;Нет;4;72,5
4829;карниз;1.50.157;Нет;4;72,5
4830;карниз;1.50.158;Нет;4;72,5
4831;карниз;1.50.159;Нет;4;72,5
4832;карниз;1.50.160;Нет;4;72,5
4833;карниз;1.50.162;Нет;4;72,5
4834;карниз;1.50.163;Нет;4;72,5
4835;карниз;1.50.164;Нет;4;93
4836;карниз;1.50.165;Нет;4;72,5
4837;карниз;1.50.166;Нет;4;72,5
4838;карниз;1.50.167;Нет;4;72,5
4839;карниз;1.50.168;Нет;4;72,5
4840;карниз;1.50.169;Нет;4;72,5
4841;карниз;1.50.170;Нет;4;72,5
4842;карниз;1.50.171;Нет;4;72,5
4843;карниз;1.50.172;Нет;4;72,5
4844;карниз;1.50.173;Нет;4;72,5
4845;карниз;1.50.174;Нет;4;72,5
4846;карниз;1.50.175;Нет;4;72,5
4847;карниз;1.50.176;Нет;4;72,5
4848;карниз;1.50.177;Нет;4;72,5
4849;карниз;1.50.180;Нет;4;72,5
4850;карниз;1.50.181;Нет;4;72,5
4851;карниз;1.50.182;Нет;4;72,5
4852;карниз;1.50.183;Нет;4;72,5
4853;карниз;1.50.184;Нет;4;72,5
4854;карниз;1.50.185;Нет;4;72,5
4855;карниз;1.50.186;Нет;4;72,5
4856;карниз;1.50.187;Нет;4;72,5
4857;карниз;1.50.188;Нет;4;72,5
4858;карниз;1.50.190;Нет;4;72,5
4859;карниз;1.50.191;Нет;4;72,5
4860;карниз;1.50.192;Нет;4;72,5
4861;карниз;1.50.193;Нет;4;72,5
4862;карниз;1.50.194;Нет;4;72,5
4863;карниз;1.50.195;Нет;4;72,5
4864;карниз;1.50.196;Нет;4;72,5
4865;карниз;1.50.197;Нет;4;72,5
4866;карниз;1.50.198;Нет;4;72,5
4867;карниз;1.50.200;Нет;4;72,5
4868;карниз;1.50.201;Нет;4;72,5
4869;карниз;1.50.202;Нет;4;72,5
4870;карниз;1.50.203;Нет;4;93
4871;карниз;1.50.204;Нет;4;93
4872;карниз;1.50.208;Нет;4;93
4873;карниз;1.50.209;Нет;4;72,5
4874;карниз;1.50.210;Нет;4;72,5
4875;карниз;1.50.211;Нет;4;72,5
4876;карниз;1.50.212;Нет;5;82,8
4877;карниз;1.50.220;Нет;4;72,5
4878;карниз;1.50.221;Нет;4;72,5
4879;карниз;1.50.222;Нет;5;82,8
4880;карниз;1.50.250;Нет;5;82,8
4881;карниз;1.50.251;Нет;4;72,5
4882;карниз;1.50.252;Нет;4;72,5
4883;карниз;1.50.253;Нет;4;72,5
4884;карниз;1.50.254;Нет;4;72,5
4885;карниз;1.50.255;Нет;4;72,5
4886;карниз;1.50.256;Нет;5;82,8
4887;карниз;1.50.257;Нет;4;72,5
4888;карниз;1.50.258;Нет;4;72,5
4889;карниз;1.50.259;Нет;4;72,5
4890;карниз;1.50.260;Нет;5;82,8
4891;карниз;1.50.261;Нет;4;72,5
4892;карниз;1.50.262;Нет;4;72,5
4893;карниз;1.50.264;Нет;5;82,8
4894;карниз;1.50.265;Нет;4;72,5
4895;карниз;1.50.266;Нет;4;72,5
4896;карниз;1.50.267;Нет;5;82,8
4897;карниз;1.50.268;Нет;5;82,8
4898;карниз;1.50.269;Нет;5;82,8
4899;карниз;1.50.270;Нет;5;82,8
4900;карниз;1.50.271;Нет;4;93
4901;карниз;1.50.273;Нет;4;93
4902;карниз FLEX;1.50.114;Да;4;72,5
4903;карниз FLEX;1.50.115;Да;4;72,5
4904;карниз FLEX;1.50.116;Да;4;72,5
4905;карниз FLEX;1.50.117;Да;5;82,8
4906;карниз FLEX;1.50.118;Да;4;72,5
4907;карниз FLEX;1.50.119;Да;4;72,5
4908;карниз FLEX;1.50.120;Да;4;72,5
4909;карниз FLEX;1.50.121;Да;4;72,5
4910;карниз FLEX;1.50.122;Да;4;72,5
4911;карниз FLEX;1.50.100;Да;4;72,5
4912;карниз FLEX;1.50.102;Да;4;72,5
4913;карниз FLEX;1.50.103;Да;4;93
4914;карниз FLEX;1.50.104;Да;4;72,5
4915;карниз FLEX;1.50.105;Да;4;72,5
4916;карниз FLEX;1.50.106;Да;4;72,5
4917;карниз FLEX;1.50.107;Да;5;82,8
4918;карниз FLEX;1.50.109;Да;4;72,5
4919;карниз FLEX;1.50.110;Да;5;82,8
4920;карниз FLEX;1.50.111;Да;4;72,5
4921;карниз FLEX;1.50.112;Да;4;72,5
4922;карниз FLEX;1.50.113;Да;4;72,5
4923;карниз FLEX;1.50.123;Да;4;72,5
4924;карниз FLEX;1.50.124;Да;4;72,5
4925;карниз FLEX;1.50.125;Да;4;72,5
4926;карниз FLEX;1.50.126;Да;4;72,5
4927;карниз FLEX;1.50.127;Да;4;72,5
4928;карниз FLEX;1.50.128;Да;4;72,5
4929;карниз FLEX;1.50.129;Да;4;72,5
4930;карниз FLEX;1.50.130;Да;4;72,5
4931;карниз FLEX;1.50.131;Да;4;72,5
4932;карниз FLEX;1.50.132;Да;5;82,8
4933;карниз FLEX;1.50.133;Да;5;82,8
4934;карниз FLEX;1.50.134;Да;5;82,8
4935;карниз FLEX;1.50.135;Да;4;72,5
4936;карниз FLEX;1.50.136;Да;5;82,8
4937;карниз FLEX;1.50.137;Да;5;82,8
4938;карниз FLEX;1.50.138;Да;5;82,8
4939;карниз FLEX;1.50.139;Да;4;72,5
4940;карниз FLEX;1.50.140;Да;4;72,5
4941;карниз FLEX;1.50.141;Да;4;72,5
4942;карниз FLEX;1.50.142;Да;4;72,5
4943;карниз FLEX;1.50.143;Да;4;72,5
4944;карниз FLEX;1.50.144;Да;4;72,5
4945;карниз FLEX;1.50.145;Да;5;82,8
4946;карниз FLEX;1.50.146;Да;5;82,8
4947;карниз FLEX;1.50.147;Да;5;82,8
4948;карниз FLEX;1.50.148;Да;4;72,5
4949;карниз FLEX;1.50.149;Да;5;82,8
4950;карниз FLEX;1.50.150;Да;4;72,5
4951;карниз FLEX;1.50.151;Да;5;82,8
4952;карниз FLEX;1.50.152;Да;5;82,8
4953;карниз FLEX;1.50.153;Да;5;82,8
4954;карниз FLEX;1.50.154;Да;4;72,5
4955;карниз FLEX;1.50.155;Да;4;72,5
4956;карниз FLEX;1.50.156;Да;4;72,5
4957;карниз FLEX;1.50.157;Да;4;72,5
4958;карниз FLEX;1.50.158;Да;4;72,5
4959;карниз FLEX;1.50.159;Да;4;72,5
4960;карниз FLEX;1.50.160;Да;4;72,5
4961;карниз FLEX;1.50.162;Да;4;72,5
4962;карниз FLEX;1.50.163;Да;4;72,5
4963;карниз FLEX;1.50.164;Да;4;93
4964;карниз FLEX;1.50.165;Да;4;72,5
4965;карниз FLEX;1.50.166;Да;4;72,5
4966;карниз FLEX;1.50.168;Да;4;72,5
4967;карниз FLEX;1.50.169;Да;4;72,5
4968;карниз FLEX;1.50.170;Да;4;72,5
4969;карниз FLEX;1.50.171;Да;4;72,5
4970;карниз FLEX;1.50.172;Да;4;72,5
4971;карниз FLEX;1.50.173;Да;4;72,5
4972;карниз FLEX;1.50.174;Да;4;72,5
4973;карниз FLEX;1.50.175;Да;4;72,5
4974;карниз FLEX;1.50.176;Да;4;72,5
4975;карниз FLEX;1.50.177;Да;4;72,5
4976;карниз FLEX;1.50.180;Да;4;72,5
4977;карниз FLEX;1.50.181;Да;4;72,5
4978;карниз FLEX;1.50.182;Да;4;72,5
4979;карниз FLEX;1.50.183;Да;4;72,5
4980;карниз FLEX;1.50.184;Да;4;72,5
4981;карниз FLEX;1.50.185;Да;4;72,5
4982;карниз FLEX;1.50.186;Да;4;72,5
4983;карниз FLEX;1.50.187;Да;4;72,5
4984;карниз FLEX;1.50.188;Да;4;72,5
4985;карниз FLEX;1.50.190;Да;4;72,5
4986;карниз FLEX;1.50.191;Да;4;72,5
4987;карниз FLEX;1.50.192;Да;4;72,5
4988;карниз FLEX;1.50.193;Да;4;72,5
4989;карниз FLEX;1.50.194;Да;4;72,5
4990;карниз FLEX;1.50.195;Да;4;72,5
4991;карниз FLEX;1.50.197;Да;4;72,5
4992;карниз FLEX;1.50.200;Да;4;72,5
4993;карниз FLEX;1.50.202;Да;4;72,5
4994;карниз FLEX;1.50.203;Да;4;93
4995;карниз FLEX;1.50.209;Да;5;82,8
4996;карниз FLEX;1.50.210;Да;5;82,8
4997;карниз FLEX;1.50.220;Да;4;72,5
4998;карниз FLEX;1.50.221;Да;4;72,5
4999;карниз FLEX;1.50.222;Да;5;82,8
5000;карниз FLEX;1.50.250;Да;5;82,8
5001;карниз FLEX;1.50.251;Да;4;72,5
5002;карниз FLEX;1.50.252;Да;4;72,5
5003;карниз FLEX;1.50.253;Да;4;72,5
5004;карниз FLEX;1.50.254;Да;4;72,5
5005;карниз FLEX;1.50.255;Да;4;72,5
5006;карниз FLEX;1.50.256;Да;5;82,8
5007;карниз FLEX;1.50.257;Да;4;72,5
5008;карниз FLEX;1.50.258;Да;4;72,5
5009;карниз FLEX;1.50.259;Да;4;72,5
5010;карниз FLEX;1.50.260;Да;5;82,8
5011;карниз FLEX;1.50.261;Да;4;72,5
5012;карниз FLEX;1.50.262;Да;4;72,5
5013;карниз FLEX;1.50.264;Да;5;82,8
5014;карниз FLEX;1.50.265;Да;4;72,5
5015;карниз FLEX;1.50.266;Да;4;72,5
5016;карниз FLEX;1.50.267;Да;5;82,8
5017;карниз FLEX;1.50.268;Да;5;82,8
5018;карниз FLEX;1.50.269;Да;5;82,8
5019;карниз FLEX;1.50.270;Да;5;82,8
5020;молдинг;1.51.311;Нет;4;72,5
5021;молдинг;1.51.314;Нет;4;72,5
5022;молдинг;1.51.327;Нет;4;72,5
5023;молдинг;1.51.301;Нет;4;72,5
5024;молдинг;1.51.305;Нет;4;72,5
5025;молдинг;1.51.321;Нет;4;72,5
5026;молдинг;1.51.400;Нет;4;72,5
5027;молдинг;1.51.302;Нет;4;72,5
5028;молдинг;1.51.303;Нет;4;72,5
5029;молдинг;1.51.304;Нет;4;72,5
5030;молдинг;1.51.306;Нет;4;72,5
5031;молдинг;1.51.307;Нет;4;72,5
5032;молдинг;1.51.324;Нет;4;72,5
5033;молдинг;1.51.352;Нет;4;72,5
5034;молдинг;1.51.325;Нет;4;72,5
5035;молдинг;1.51.312;Нет;4;72,5
5036;молдинг;1.51.332;Нет;4;72,5
5037;молдинг;1.51.350;Нет;4;72,5
5038;молдинг;1.51.326;Нет;4;72,5
5039;молдинг;1.51.308;Нет;4;72,5
5040;молдинг;1.51.309;Нет;4;72,5
5041;молдинг;1.51.310;Нет;4;72,5
5042;молдинг;1.51.313;Нет;4;72,5
5043;молдинг;1.51.315;Нет;4;72,5
5044;молдинг;1.51.316;Нет;4;72,5
5045;молдинг;1.51.317;Нет;4;72,5
5046;молдинг;1.51.318;Нет;4;72,5
5047;молдинг;1.51.319;Нет;4;72,5
5048;молдинг;1.51.320;Нет;4;72,5
5049;молдинг;1.51.322;Нет;4;72,5
5050;молдинг;1.51.328;Нет;4;72,5
5051;молдинг;1.51.330;Нет;4;72,5
5052;молдинг;1.51.333;Нет;4;72,5
5053;молдинг;1.51.340;Нет;4;72,5
5054;молдинг;1.51.341;Нет;4;72,5
5055;молдинг;1.51.342;Нет;4;72,5
5056;молдинг;1.51.343;Нет;4;72,5
5057;молдинг;1.51.344;Нет;4;72,5
5058;молдинг;1.51.351;Нет;4;72,5
5059;молдинг;1.51.380;Нет;5;82,8
5060;молдинг;1.51.401;Нет;4;72,5
5061;молдинг;1.51.323;Нет;4;72,5
5062;молдинг;1.51.339;Нет;4;72,5
5063;молдинг;1.51.331;Нет;4;72,5
5064;молдинг;1.51.336;Нет;4;72,5
5065;молдинг;1.51.334;Нет;4;72,5
5066;молдинг;1.51.335;Нет;4;72,5
5067;молдинг;1.51.337;Нет;4;72,5
5068;молдинг;1.51.348;Нет;4;72,5
5069;молдинг;1.51.349;Нет;4;72,5
5070;молдинг;1.51.329;Нет;4;72,5
5071;молдинг;1.51.347;Нет;4;72,5
5072;молдинг;1.51.355;Нет;4;72,5
5073;молдинг;1.51.354;Нет;4;72,5
5074;молдинг FLEX;1.51.311;Да;4;72,5
5075;молдинг FLEX;1.51.314;Да;4;72,5
5076;молдинг FLEX;1.51.327;Да;4;72,5
5077;молдинг FLEX;1.51.301;Да;4;72,5
5078;молдинг FLEX;1.51.305;Да;4;72,5
5079;молдинг FLEX;1.51.321;Да;4;72,5
5080;молдинг FLEX;1.51.400;Да;4;72,5
5081;молдинг FLEX;1.51.302;Да;4;72,5
5082;молдинг FLEX;1.51.303;Да;4;72,5
5083;молдинг FLEX;1.51.304;Да;4;72,5
5084;молдинг FLEX;1.51.306;Да;4;72,5
5085;молдинг FLEX;1.51.307;Да;4;72,5
5086;молдинг FLEX;1.51.324;Да;4;72,5
5087;молдинг FLEX;1.51.352;Да;4;72,5
5088;молдинг FLEX;1.51.325;Да;4;72,5
5089;молдинг FLEX;1.51.312;Да;4;72,5
5090;молдинг FLEX;1.51.332;Да;4;72,5
5091;молдинг FLEX;1.51.350;Да;4;72,5
5092;молдинг FLEX;1.51.326;Да;4;72,5
5093;молдинг FLEX;1.51.308;Да;4;72,5
5094;молдинг FLEX;1.51.309;Да;4;72,5
5095;молдинг FLEX;1.51.310;Да;4;72,5
5096;молдинг FLEX;1.51.313;Да;4;72,5
5097;молдинг FLEX;1.51.315;Да;4;72,5
5098;молдинг FLEX;1.51.316;Да;4;72,5
5099;молдинг FLEX;1.51.317;Да;4;72,5
5100;молдинг FLEX;1.51.318;Да;4;72,5
5101;молдинг FLEX;1.51.319;Да;4;72,5
5102;молдинг FLEX;1.51.320;Да;4;72,5
5103;молдинг FLEX;1.51.322;Да;4;72,5
5104;молдинг FLEX;1.51.328;Да;4;72,5
5105;молдинг FLEX;1.51.330;Да;4;72,5
5106;молдинг FLEX;1.51.333;Да;4;72,5
5107;молдинг FLEX;1.51.340;Да;4;72,5
5108;молдинг FLEX;1.51.341;Да;4;72,5
5109;молдинг FLEX;1.51.342;Да;4;72,5
5110;молдинг FLEX;1.51.343;Да;4;72,5
5111;молдинг FLEX;1.51.344;Да;4;72,5
5112;молдинг FLEX;1.51.351;Да;4;72,5
5113;молдинг FLEX;1.51.380;Да;5;82,8
5114;молдинг FLEX;1.51.401;Да;4;72,5
5115;молдинг FLEX;1.51.323;Да;4;72,5
5116;молдинг FLEX;1.51.339;Да;4;72,5
5117;молдинг FLEX;1.51.331;Да;4;72,5
5118;молдинг FLEX;1.51.336;Да;4;72,5
5119;молдинг FLEX;1.51.334;Да;4;72,5
5120;молдинг FLEX;1.51.335;Да;4;72,5
5121;молдинг FLEX;1.51.337;Да;4;72,5
5122;молдинг FLEX;1.51.348;Да;4;72,5
5123;молдинг FLEX;1.51.349;Да;4;72,5
5124;молдинг FLEX;1.51.329;Да;4;72,5
5125;молдинг FLEX;1.51.347;Да;4;72,5
5126;молдинг FLEX;1.51.355;Да;4;72,5
5127;молдинг FLEX;1.51.354;Да;4;72,5
5128;плинтус;1.53.102;Нет;4;72,5
5129;плинтус;1.53.103;Нет;4;72,5
5130;плинтус;1.53.104;Нет;4;72,5
5131;плинтус;1.53.105;Нет;5;82,8
5132;плинтус;1.53.106;Нет;4;72,5
5133;плинтус;1.53.107;Нет;4;72,5
5134;плинтус;1.53.109;Нет;4;72,5
5135;плинтус;1.53.101;Нет;4;72,5
5136;плинтус FLEX;1.53.102;Да;4;72,5
5137;плинтус FLEX;1.53.103;Да;4;72,5
5138;плинтус FLEX;1.53.104;Да;4;72,5
5139;плинтус FLEX;1.53.105;Да;5;82,8
5140;плинтус FLEX;1.53.106;Да;4;72,5
5141;плинтус FLEX;1.53.107;Да;4;72,5
5142;плинтус FLEX;1.53.109;Да;4;72,5
5143;плинтус FLEX;1.53.101;Да;4;72,5
5144;угловой элемент;1.52.326;Нет;4;28
5145;угловой элемент;1.52.301;Нет;4;24
5146;угловой элемент;1.52.302;Нет;4;24
5147;угловой элемент;1.52.290;Нет;4;18,1
5148;угловой элемент;1.52.293;Нет;4;18,1
5149;угловой элемент;1.52.292;Нет;4;24
5150;угловой элемент;1.52.288;Нет;4;24
5151;угловой элемент;1.52.294;Нет;4;24
5152;угловой элемент;1.52.291;Нет;4;18,1
5153;угловой элемент;1.52.295;Нет;4;18,1
5154;угловой элемент;1.52.328;Нет;4;24
5155;угловой элемент;1.52.400;Нет;4;24
5156;угловой элемент;1.52.289;Нет;4;18,1
5157;угловой элемент;1.52.296;Нет;4;28
5158;угловой элемент;1.52.297;Нет;4;24
5159;угловой элемент;1.52.298;Нет;4;24
5160;угловой элемент;1.52.300;Нет;4;24
5161;угловой элемент;1.52.303;Нет;4;24
5162;угловой элемент;1.52.308;Нет;4;18,1
5163;угловой элемент;1.52.312;Нет;4;24
5164;угловой элемент;1.52.313;Нет;4;28
5165;угловой элемент;1.52.314;Нет;4;24
5166;угловой элемент;1.52.318;Нет;4;18,1
5167;кронштейн;1.19.001;Нет;;25
5168;кронштейн;1.19.137;Нет;;25
5169;кронштейн;1.19.002;Нет;;25
5170;кронштейн;1.19.005;Нет;;25
5171;кронштейн;1.19.003;Нет;;25
5172;кронштейн;1.19.004;Нет;;25
5173;кронштейн;1.19.006;Нет;;
5174;розетка;1.56.017;Нет;;15
5175;розетка;1.56.001;Нет;;17
5176;розетка;1.56.002;Нет;;15
5177;розетка;1.56.004;Нет;;15
5178;розетка;1.56.007;Нет;;15
5179;розетка;1.56.013;Нет;;15
5180;розетка;1.56.014;Нет;;15
5181;розетка;1.56.015;Нет;;15
5182;розетка;1.56.016;Нет;;15
5183;розетка;1.56.018;Нет;;17
5184;розетка;1.56.019;Нет;;15
5185;розетка;1.56.020;Нет;;15
5186;розетка;1.56.022;Нет;;17
5187;розетка;1.56.023;Нет;;17
5188;розетка;1.56.024;Нет;;17
5189;розетка;1.56.025;Нет;;18
5190;розетка;1.56.005;Нет;;15
5191;розетка;1.56.010;Нет;;15
5192;розетка;1.56.028;Нет;;17
5193;розетка;1.56.029;Нет;;19
5194;розетка;1.56.030;Нет;;15
5195;розетка;1.56.003;Нет;;15
5196;розетка;1.56.031;Нет;;17
5197;розетка;1.56.021;Нет;;15
5198;розетка;1.56.026;Нет;;17
5199;розетка;1.56.006;Нет;;15
5200;розетка;1.56.009;Нет;;15
5201;розетка;1.56.032;Нет;;15
5202;розетка;1.56.011;Нет;;15
5203;розетка;1.56.037;Нет;;
5204;розетка;1.56.034;Нет;;
5205;розетка;1.56.033;Нет;;
5206;розетка;1.56.038;Нет;;
5207;розетка;1.56.012;Нет;;
5208;розетка;1.56.027;Нет;;15
5209;розетка;1.56.039;Нет;;
5210;розетка;1.56.035;Нет;;
5211;розетка;1.56.042;Нет;;
5212;орнамент;1.60.114;Нет;;8,05
5213;орнамент;1.60.014;Нет;;8,05
5214;орнамент;1.60.011;Нет;;8,05
5215;орнамент;1.60.111;Нет;;8,05
5216;орнамент;1.60.007;Нет;;8,05
5217;орнамент;1.60.005;Нет;;8,05
5218;орнамент;1.60.012;Нет;;10
5219;орнамент;1.60.008;Нет;;8,05
5220;орнамент;1.60.010;Нет;;8,05
5221;орнамент;1.60.002;Нет;;8,05
5222;орнамент;1.60.003;Нет;;8,05
5223;орнамент;1.60.004;Нет;;8,05
5224;орнамент;1.60.006;Нет;;8,05
5225;орнамент;1.60.009;Нет;;8,05
5226;орнамент;1.60.015;Нет;;8,05
5227;орнамент;1.60.017;Нет;;8,05
5228;орнамент;1.60.018;Нет;;8,05
5229;орнамент;1.60.019;Нет;;10
5230;орнамент;1.60.108;Нет;;8,05
5231;орнамент;1.60.109;Нет;;8,05
5232;орнамент;1.60.110;Нет;;8,05
5233;орнамент;1.60.001;Нет;;8,05
5234;кессон;1.57.002;Нет;;48
5235;кессон;1.57.003;Нет;;48
5236;кессон;1.57.001;Нет;;48
5237;кессон;1.57.004;Нет;;50
5238;купол;1.58.001;Нет;;96
5239;капитель;1.11.001;Нет;7;40
5240;капитель;1.11.010;Нет;7;33
5241;капитель;1.11.003;Нет;7;40
5242;капитель;1.11.002;Нет;7;33
5243;капитель;1.11.004;Нет;7;40
5244;капитель;1.11.005;Нет;7;33
5245;капитель;1.11.006;Нет;;
5246;капитель;1.11.008;Нет;7;33
5247;капитель;1.11.009;Нет;7;33
5248;капитель;1.15.002;Нет;7;33
5249;капитель;1.15.003;Нет;7;40
5250;капитель;1.15.004;Нет;7;40
5251;капитель;1.15.005;Нет;7;33
5252;капитель;1.15.006;Нет;7;33
5253;капитель;1.15.008;Нет;7;33
5254;капитель;1.15.001;Нет;7;40
5255;капитель;1.15.009;Нет;7;33
5256;капитель;1.15.010;Нет;7;33
5257;капитель;1.21.003;Нет;7;33
5258;капитель;1.21.001;Нет;7;33
5259;капитель;1.21.002;Нет;7;40
5260;капитель;1.21.004;Нет;7;40
5261;капитель;1.21.005;Нет;7;40
5262;капитель;1.21.006;Нет;7;40
5263;капитель;1.21.007;Нет;7;33
5264;ствол;1.12.020;Нет;7;
5265;ствол;1.12.010;Нет;7;
5266;ствол;1.12.030;Нет;7;93,6
5267;ствол;1.12.050;Нет;7;97.4
5268;ствол;1.12.060;Нет;7;77,4
5269;ствол;1.12.061;Нет;7;93,6
5270;ствол;1.12.080;Нет;7;90
5271;ствол;1.12.081;Нет;7;90
5272;ствол;1.12.070;Нет;7;90
5273;ствол;1.12.071;Нет;7;90
5274;ствол;1.16.080;Нет;7;77,4
5275;ствол;1.16.081;Нет;7;93,6
5276;ствол;1.16.030;Нет;7;93,6
5277;ствол;1.16.070;Нет;7;77,4
5278;ствол;1.16.050;Нет;7;77,4
5279;ствол;1.16.060;Нет;7;77,4
5280;ствол;1.16.071;Нет;7;93,6
5281;ствол;1.16.010;Нет;7;93,6
5282;ствол;1.16.011;Нет;;
5283;ствол;1.16.020;Нет;7;93,6
5284;ствол;1.16.061;Нет;7;93,6
5285;ствол;1.22.010;Нет;7;75,6
5286;ствол;1.22.020;Нет;7;75,6
5287;ствол;1.22.030;Нет;7;75,6
5288;ствол;1.22.200;Нет;7;75,6
5289;ствол;1.22.040;Нет;7;75,6
5290;кольцо;1.11.100;Нет;;
5291;кольцо;1.11.200;Нет;;
5292;кольцо;1.11.300;Нет;;
5293;кольцо;1.15.100;Нет;;
5294;кольцо;1.15.200;Нет;;
5295;кольцо;1.15.300;Нет;;
5296;база;1.13.900;Нет;7;20
5297;база;1.13.300;Нет;7;20
5298;база;1.13.400;Нет;7;20
5299;база;1.13.800;Нет;7;20
5300;база;1.13.500;Нет;7;20
5301;база;1.13.100;Нет;7;20
5302;база;1.13.200;Нет;7;20
5303;база;1.13.700;Нет;7;20
5304;база;1.17.900;Нет;7;20
5305;база;1.17.300;Нет;7;20
5306;база;1.17.400;Нет;7;20
5307;база;1.17.100;Нет;7;20
5308;база;1.17.800;Нет;7;20
5309;база;1.17.500;Нет;7;20
5310;база;1.17.600;Нет;7;28
5311;база;1.17.700;Нет;7;20
5312;база;1.17.200;Нет;7;20
5313;база;1.23.100;Нет;7;28
5314;база;1.23.200;Нет;7;28
5315;база;1.23.300;Нет;7;28
5316;база;1.23.400;Нет;7;28
5317;база;1.23.500;Нет;7;28
5318;пьедестал;1.14.001;Нет;;25
5319;пьедестал;1.14.002;Нет;;25
5320;пьедестал;1.14.003;Нет;;25
5321;пьедестал;1.18.001;Нет;;25
5322;пьедестал;1.18.002;Нет;;25
5323;пьедестал;1.18.003;Нет;;25
5324;база;1.54.010;Нет;7;28
5325;обрамление арок;1.55.003;Нет;4;30
5326;обрамление арок;1.55.004;Нет;4;30
5327;обрамление арок;1.55.001;Нет;4;18
5328;замковый камень;1.55.005;Нет;4;18
5329;обрамление арок;1.55.002;Нет;4;18
5330;база;1.54.020;Нет;7;28
5331;боковой элемент;1.54.009;Нет;;11
5332;боковой элемент;1.54.019;Нет;;11
5333;квадрат;1.54.001;Нет;;
5334;квадрат;1.54.002;Нет;;
5335;наличник;1.54.003;Нет;4;30
5336;наличник;1.54.004;Нет;4;36
5337;элемент;1.54.008;Нет;;11
5338;элемент;1.54.006;Нет;;11
5339;элемент;1.54.005;Нет;;11
5340;элемент;1.54.007;Нет;;11
5341;элемент;1.54.012;Нет;;11
5342;элемент;1.54.011;Нет;;11
5343;ствол;1.12.011;Нет;7;113,6
5344;пилястра;1.20.301;Нет;;
5345;пилястра;1.20.302;Нет;;
5346;пилястра;1.20.303;Нет;;
5347;пилястра;1.20.201;Нет;;
5348;пилястра;1.20.202;Нет;;
5349;пилястра;1.20.101;Нет;;
5350;пилястра;1.20.102;Нет;;
5351;пилястра;1.20.001;Нет;;
5352;пилястра;1.20.002;Нет;;
5353;полуколонна;1.10.301;Нет;;
5354;полуколонна;1.10.302;Нет;;
5355;полуколонна;1.10.303;Нет;;
5356;полуколонна;1.10.304;Нет;;
5357;полуколонна;1.10.201;Нет;;
5358;полуколонна;1.10.202;Нет;;
5359;полуколонна;1.10.203;Нет;;
5360;полуколонна;1.10.204;Нет;;
5361;полуколонна;1.10.205;Нет;;
5362;полуколонна;1.10.206;Нет;;
5363;полуколонна;1.10.207;Нет;;
5364;полуколонна;1.10.208;Нет;;
5365;полуколонна;1.10.209;Нет;;
5366;полуколонна;1.10.210;Нет;;
5367;полуколонна;1.10.211;Нет;;
5368;полуколонна;1.10.212;Нет;;
5369;полуколонна;1.10.213;Нет;;
5370;полуколонна;1.10.214;Нет;;
5371;полуколонна;1.10.101;Нет;;
5372;полуколонна;1.10.102;Нет;;
5373;полуколонна;1.10.103;Нет;;
5374;полуколонна;1.10.104;Нет;;
5375;полуколонна;1.10.105;Нет;;
5376;полуколонна;1.10.106;Нет;;
5377;колонна;1.30.301;Нет;;
5378;колонна;1.30.302;Нет;;
5379;колонна;1.30.303;Нет;;
5380;колонна;1.30.304;Нет;;
5381;колонна;1.30.201;Нет;;
5382;колонна;1.30.202;Нет;;
5383;колонна;1.30.204;Нет;;
5384;колонна;1.30.205;Нет;;
5385;колонна;1.30.206;Нет;;
5386;колонна;1.30.207;Нет;;
5387;колонна;1.30.208;Нет;;
5388;колонна;1.30.209;Нет;;
5389;колонна;1.30.210;Нет;;
5390;колонна;1.30.211;Нет;;
5391;колонна;1.30.212;Нет;;
5392;колонна;1.30.213;Нет;;
5393;колонна;1.30.214;Нет;;
5394;колонна;1.30.101;Нет;;
5395;колонна;1.30.102;Нет;;
5396;колонна;1.30.104;Нет;;
5397;колонна;1.30.105;Нет;;
5398;колонна;1.30.106;Нет;;
5861;карниз;1.50.205;Нет;4;93
5862;карниз FLEX;1.50.196;Да;4;72,5
5863;карниз FLEX;1.50.198;Да;4;72,5
5864;карниз FLEX;1.50.201;Да;4;72,5
5865;карниз FLEX;1.50.205;Да;4;93
5866;молдинг;1.51.345;Нет;4;72,5
5867;молдинг;1.51.357;Нет;4;72,5
5868;молдинг;1.51.358;Нет;4;72,5
5869;молдинг;1.51.361;Нет;4;93
5870;молдинг;1.51.381;Нет;5;82,8
5871;молдинг FLEX;1.51.345;Да;4;72,5
5872;молдинг FLEX;1.51.357;Да;4;72,5
5873;молдинг FLEX;1.51.358;Да;4;72,5
5874;молдинг FLEX;1.51.361;Да;4;93
5875;молдинг FLEX;1.51.381;Да;5;82,8
5876;архитрав;1.26.001;Нет;5;82,8
5877;архитрав;1.26.002;Нет;5;82,8
5878;архитрав;1.26.003;Нет;5;82,8
5879;розетка;1.56.036;Нет;;
5880;база;1.13.600;Нет;;
5881;ниша;1.61.101;Нет;;36,6
5882;ниша;1.61.102;Нет;;43,2
5883;ниша;1.61.110;Нет;;23
5884;ниша;1.61.120;Нет;;40
5885;сандрик;1.63.001;Нет;;
5886;сандрик;1.63.002;Нет;;
5887;карниз;4.02.201;Нет;5;96,6
5888;карниз;4.01.201;Нет;5;96,6
5889;карниз;4.01.101;Нет;5;96,6
5890;карниз;4.01.301;Нет;5;96,6
5891;карниз;4.32.202;Нет;5;82,8
5892;карниз;4.01.103;Нет;;
5893;карниз;4.31.301;Нет;5;96,6
5894;карниз;4.32.201;Нет;5;96,6
5895;карниз;4.81.002;Нет;5;96,6
5896;карниз;4.32.302;Нет;5;96,6
5897;карниз;4.01.202;Нет;5;96,6
5898;карниз;4.01.302;Нет;5;96,6
5899;карниз;4.02.101;Нет;5;96,6
5900;карниз;4.31.101;Нет;5;96,6
5901;карниз;4.31.201;Нет;5;82,8
5902;карниз;4.31.202;Нет;5;82,8
5903;карниз;4.31.302;Нет;5;96,6
5904;карниз;4.32.101;Нет;5;96,6
5905;карниз;4.32.301;Нет;5;82,8
5906;карниз;4.81.001;Нет;5;96,6
5907;карниз;4.02.301;Нет;;
5908;фриз;4.03.101;Нет;5;96,6
5909;фриз;4.03.102;Нет;5;96,6
5910;фриз;4.03.201;Нет;5;96,6
5911;фриз;4.03.202;Нет;5;96,6
5912;фриз;4.03.301;Нет;5;96,6
5913;фриз;4.33.301;Нет;5;96,6
5914;фриз;4.03.302;Нет;5;96,6
5915;фриз;4.33.101;Нет;5;96,6
5916;фриз;4.33.102;Нет;5;96,6
5917;фриз;4.33.201;Нет;5;96,6
5918;фриз;4.33.202;Нет;5;96,6
5919;архитрав;4.04.201;Нет;5;96,6
5920;архитрав;4.34.201;Нет;5;82,8
5921;архитрав;4.34.202;Нет;5;82,8
5922;архитрав;4.04.101;Нет;5;96,6
5923;архитрав;4.04.102;Нет;5;96,6
5924;архитрав;4.04.202;Нет;5;82,8
5925;архитрав;4.04.301;Нет;5;96,6
5926;архитрав;4.04.302;Нет;5;82,8
5927;архитрав;4.34.101;Нет;5;82,8
5928;архитрав;4.34.102;Нет;5;82,8
5929;архитрав;4.34.301;Нет;5;82,8
5930;архитрав;4.34.302;Нет;5;82,8
5931;балясина;4.71.101;Нет;8;
5932;балясина;4.71.201;Нет;;
5933;столб;4.75.101;Нет;;75
5934;столб;4.75.201;Нет;;
5935;крышка (пирамида);4.76.101;Нет;4;
5936;крышка (пирамида);4.76.201;Нет;;
5937;крышка столба (плоская);4.73.101;Нет;;
5938;крышка столба (плоская);4.73.201;Нет;;
5939;крышка (шар);4.77.101;Нет;;
5940;крышка (шар);4.77.201;Нет;;
5941;основание;4.74.101;Нет;10;95
5942;основание;4.74.201;Нет;;
5943;поручень;4.72.101;Нет;10;
5944;поручень;4.72.201;Нет;;
5945;наличник;4.84.001;Нет;5;82,8
5946;наличник;4.84.002;Нет;5;82,8
5947;наличник;4.84.003;Нет;5;82,8
5948;наличник;4.84.051;Нет;;
5949;наличник;4.84.052;Нет;5;82,8
5950;наличник;4.84.053;Нет;5;82,8
5951;арочное обрамление;4.87.031;Нет;;
5952;арочное обрамление;4.87.032;Нет;;
5953;арочное обрамление;4.87.033;Нет;;
5954;замковый камень;4.85.001;Нет;;12
5955;замковый камень;4.85.002;Нет;;12
5956;замковый камень;4.85.003;Нет;;12
5957;подоконный элемент;4.82.001;Нет;5;82,8
5958;подоконный элемент;4.82.002;Нет;5;82,8
5959;подоконный элемент;4.82.003;Нет;5;82,8
5960;подоконный элемент;4.82.101;Нет;5;82,8
5961;подоконный элемент;4.82.201;Нет;5;82,8
5962;подоконный элемент;4.82.202;Нет;5;82,8
5963;подоконный элемент;4.82.301;Нет;5;82,8
5964;подоконный элемент;4.82.302;Нет;5;82,8
5965;кронштейн-пьедестал;4.83.101;Нет;;40
5966;кронштейн-пьедестал;4.83.102;Нет;;40
5967;кронштейн-пьедестал;4.83.201;Нет;;40
5968;кронштейн-пьедестал;4.83.202;Нет;;40
5969;кронштейн-пьедестал;4.83.301;Нет;;40
5970;кронштейн-пьедестал;4.83.302;Нет;;40
5971;руст;4.86.003;Нет;;
5972;руст;4.86.004;Нет;;
5973;руст;4.86.005;Нет;25;60
5974;руст;4.86.001;Нет;6;48
5975;руст;4.86.002;Нет;6;48
5982;угловой элемент;1.52.361;Нет;4;24
5983;база;4.17.302;Нет;7;48,3
5984;база;4.53.201;Нет;7;48,3
5985;база;4.53.301;Нет;7;48,3
5986;база;4.17.101;Нет;7;48,3
5987;база;4.17.201;Нет;7;48,3
5988;база;4.17.202;Нет;7;48,3
5989;база;4.17.301;Нет;7;48,3
5990;база;4.23.101;Нет;7;48,3
5991;база;4.23.201;Нет;7;48
5992;база;4.23.301;Нет;7;48,3
5993;база;4.43.101;Нет;7;48,3
5994;база;4.43.201;Нет;7;48,3
5995;база;4.43.202;Нет;7;48,3
5996;база;4.43.301;Нет;7;48,3
5997;база;4.43.302;Нет;7;48,3
5998;база;4.47.101;Нет;7;48,3
5999;база;4.47.201;Нет;7;48,3
6000;база;4.47.202;Нет;7;48,3
6001;база;4.47.301;Нет;7;48,3
6002;база;4.47.302;Нет;7;48,3
6003;база;4.53.101;Нет;7;48,3
6004;база;4.53.302;Нет;7;48,3
6005;база;4.13.101;Нет;7;48,3
6006;база;4.13.201;Нет;7;48,3
6007;база;4.13.202;Нет;7;48,3
6008;база;4.13.301;Нет;7;48,3
6009;база;4.13.302;Нет;7;48,3
6010;база;4.17.002;Нет;;
6011;база;4.17.001;Нет;;
6012;капитель;4.51.301;Нет;7;34
6013;капитель;4.15.101;Нет;7;40
6014;капитель;4.15.201;Нет;7;40
6015;капитель;4.15.301;Нет;7;40
6016;капитель;4.21.101;Нет;7;40
6017;капитель;4.21.201;Нет;7;40
6018;капитель;4.21.301;Нет;7;40
6019;капитель;4.41.101;Нет;7;34
6020;капитель;4.41.201;Нет;7;34
6021;капитель;4.41.301;Нет;7;34
6022;капитель;4.45.101;Нет;7;34
6023;капитель;4.45.201;Нет;7;34
6024;капитель;4.45.301;Нет;7;34
6025;капитель;4.51.101;Нет;7;34
6026;капитель;4.51.201;Нет;7;40
6027;капитель;4.11.101;Нет;7;40
6028;капитель;4.11.201;Нет;7;40
6029;капитель;4.11.301;Нет;7;40
6030;капитель;4.15.102;Нет;7;40
6031;регул;4.37.101;Нет;2;
6032;регул;4.07.101;Нет;2;
6033;мутул;4.05.102;Нет;3;
6034;мутул;4.35.102;Нет;3;
6035;мутул;4.35.101;Нет;3;
6036;мутул;4.05.101;Нет;3;
6037;модильон;4.08.301;Нет;3;
6038;модильон;4.08.302;Нет;3;
6039;модильон;4.38.301;Нет;3;
6040;модильон;4.38.302;Нет;3;
6041;триглиф;4.36.101;Нет;5;
6042;триглиф;4.06.101;Нет;5;
6043;ствол;4.52.102;Нет;7;83
6044;ствол;4.52.301;Нет;7;83
6045;ствол;4.16.101;Нет;7;83
6046;ствол;4.16.102;Нет;7;83
6047;ствол;4.16.201;Нет;7;83
6048;ствол;4.16.202;Нет;7;83
6049;ствол;4.16.301;Нет;7;83
6050;ствол;4.22.101;Нет;7;83
6051;ствол;4.22.102;Нет;7;83
6052;ствол;4.22.201;Нет;7;103
6053;ствол;4.22.202;Нет;7;83
6054;ствол;4.22.301;Нет;7;83
6055;ствол;4.22.302;Нет;7;83
6056;ствол;4.42.101;Нет;7;20
6057;ствол;4.42.201;Нет;;
6058;ствол;4.42.301;Нет;7;20
6059;ствол;4.46.101;Нет;7;83
6060;ствол;4.46.201;Нет;7;83
6061;ствол;4.46.301;Нет;7;83
6062;ствол;4.52.101;Нет;7;83
6063;ствол;4.52.201;Нет;7;83
6064;ствол;4.52.202;Нет;7;83
6065;ствол;4.52.302;Нет;7;83
6066;верхний фрагмент ствола;4.16.001;Нет;;
6067;фрагмент ствола;4.16.002;Нет;;
6068;ствол;4.12.301;Нет;7;20
6069;ствол;4.12.101;Нет;7;20
6070;ствол;4.12.102;Нет;7;20
6071;ствол;4.12.202;Нет;7;83
6072;ствол;4.12.201;Нет;7;20
6073;колонна;4.30.301;Нет;;
6074;колонна;4.30.201;Нет;;
6075;колонна;4.30.202;Нет;;
6076;колонна;4.30.101;Нет;;
6077;колонна;4.30.102;Нет;;
6078;колонна;4.30.104;Нет;;
6079;колонна;4.30.204;Нет;;
6080;колонна;4.30.304;Нет;;
6081;полуколонна;4.10.301;Нет;;
6082;полуколонна;4.10.201;Нет;;
6083;полуколонна;4.10.202;Нет;;
6084;полуколонна;4.10.101;Нет;;
6085;полуколонна;4.10.102;Нет;;
6086;полуколонна;4.10.104;Нет;;
6087;полуколонна;4.10.103;Нет;;
6088;полуколонна;4.10.204;Нет;;
6089;полуколонна;4.10.305;Нет;;
6090;пилястра;4.20.301;Нет;;
6091;пилястра;4.20.302;Нет;;
6092;пилястра;4.20.201;Нет;;
6093;пилястра;4.20.202;Нет;;
6094;пилястра;4.20.101;Нет;;
6095;пилястра;4.20.102;Нет;;
6096;пилястра;4.20.103;Нет;;
6097;пилястра;4.20.104;Нет;;
6098;пилястра;4.20.203;Нет;;
6099;пилястра;4.20.204;Нет;;
6100;пилястра;4.20.303;Нет;;
6101;пилястра;4.20.304;Нет;;
6102;пилястра;4.20.305;Нет;;
6103;пилястра;4.20.306;Нет;;
6104;клей монтажный 290 мл;k-em290;Нет;;
6105;клей универсальный 290 мл;k-eu290;Нет;;
6106;клей стыковочный 80 мл;k-es80;Нет;;
6107;клей стыковочный 290 мл;k-es290;Нет;;
6108;карниз;1.50.101;Нет;4;93
6109;карниз FLEX;1.50.101;Да;4;93
6110;карниз FLEX;1.50.199;Да;4;72,5
6111;карниз;1.50.199;Нет;4;72,5
6112;молдинг;1.51.353;Нет;4;72,5
6113;молдинг FLEX;1.51.353;Да;4;72,5
6114;молдинг;1.51.356;Нет;4;72,5
6115;молдинг FLEX;1.51.356;Да;4;72,5
6135;откос;4.88.001;Нет;;
6136;база;1.54.010;Нет;7;28
6168;элемент камина;1.64.004;Нет;7;97.4
6169;элемент камина;1.64.005;Нет;7;40
6170;элементы декоративного камина;1.64.100;Нет;;
6171;элемент камина;1.64.005;Нет;7;40
6172;карниз;1.50.108;Нет;4;93
6173;карниз;1.50.161;Нет;4;93
6174;карниз;1.50.179;Нет;4;93
6175;карниз;1.50.189;Нет;4;93
6176;карниз;1.50.207;Нет;4;93
6177;карниз;1.50.274;Нет;4;93
6178;карниз;1.50.275;Нет;4;93
6179;молдинг;1.51.346;Нет;4;93
6180;розетка;1.56.040;Нет;;17
6181;розетка;1.56.041;Нет;;15
6182;кронштейн;1.19.007;Нет;;25
6183;кронштейн;1.19.008;Нет;;25
6184;капитель;1.21.008;Нет;7;33
6185;ствол;1.22.050;Нет;7;97.4
6186;база;1.23.600;Нет;7;28
6187;пилястра;1.20.103;Нет;;
6188;карниз;4.91.001;Нет;;
6189;карниз;4.91.004;Нет;;
6194;карниз FLEX;1.50.208;Да;4;93
6195;карниз FLEX;1.50.204;Да;4;93
6196;карниз FLEX;1.50.189;Да;4;93
6198;замковый камень;4.85.004;Нет;5.1;12
6199;замковый камень;4.85.005;Нет;5.1;12
6200;карниз;4.91.002;Нет;5.3;116.6
6201;наличник;4.84.005;Нет;5.3;116.6
6202;кронштейн-пьедестал;4.83.003;Нет;2.5;
6206;молдинг;1.51.359;Нет;4;93
6207;карниз FLEX;1.50.161;Да;4;93
6208;молдинг FLEX;1.51.359;Да;4;93
6211;наличник;4.84.004;Нет;5.1;102.8
6212;наличник;4.84.006;Нет;5.1;102.8
6213;карниз;4.91.003;Нет;5.3;116.6
6214;карниз;4.91.005;Нет;5.3;116.6
6215;фриз;4.33.302;Нет;;30
6216;кронштейн-пьедестал;4.83.002;Нет;;20
6217;фрагмент ствола;4.16.002;Нет;;
6218;фрагмент ствола;4.16.002;Нет;;
6313;молдинг FLEX;1.51.346;Да;4;93
6355;угловой элемент;1.52.322;Нет;4;18,1
6356;угловой элемент;1.52.348;Нет;4;24
6357;угловой элемент;1.52.286;Нет;4;24
6358;угловой элемент;1.52.287;Нет;4;18
6359;карниз FLEX;1.50.108;Да;4;93
6360;карниз;1.50.213;Нет;4;93
6361;карниз FLEX;1.50.213;Да;4;93
6362;карниз;1.50.279;Нет;4;93
6363;карниз;1.50.276;Нет;4;93
6364;карниз FLEX;1.50.276;Да;4;93
6365;карниз;1.50.278;Нет;4;93
6366;карниз FLEX;1.50.278;Да;4;93
6367;розетка;1.56.044;Нет;;15
6368;молдинг;1.51.360;Нет;4;93
6369;молдинг FLEX;1.51.360;Да;4;93
6370;молдинг;1.51.363;Нет;4;93
6371;молдинг FLEX;1.51.363;Да;4;93
6372;молдинг;1.51.362;Нет;4;93
6373;молдинг FLEX;1.51.362;Да;4;93
6374;молдинг;1.51.370;Нет;4;93
6375;молдинг FLEX;1.51.370;Да;4;93
6376;плинтус;1.53.110;Нет;4;93
6377;плинтус FLEX;1.53.110;Да;4;93
6378;колонна;1.30.203;Нет;;
6379;колонна;1.30.103;Нет;;
6380;карниз FLEX;1.50.179;Да;4;93
6381;карниз FLEX;1.50.207;Да;4;93
6382;карниз FLEX;1.50.275;Да;4;93
6385;ствол;4.16.003;Нет;7;48.3
6386;ствол;4.16.004;Нет;7;48.3
6387;ствол;4.16.005;Нет;7;48.3
6388;капитель;4.15.202;Нет;7;48.3
6389;капитель;4.15.302;Нет;7;48.3
6390;капитель;4.11.102;Нет;7;48.3
6391;капитель;4.11.202;Нет;7;48.3
6392;капитель;4.11.302;Нет;7;48.3
6393;база;4.13.001;Нет;7;48,3
6394;ствол;4.12.001;Нет;7;48.3
6395;ствол;4.12.002;Нет;7;48.3
6396;ствол;4.12.003;Нет;7;48.3
6397;ствол;4.12.004;Нет;7;48.3
6398;ствол;4.12.005;Нет;7;48.3
6423;карниз FLEX;1.50.271;Да;4;93
6424;карниз FLEX;1.50.274;Да;4;93
6429;клей стыковочный 60 мл;k-es60;Нет;;
6430;база;1.54.030;Нет;7;28
6431;квадрат;1.54.013;Нет;;50
6432;квадрат;1.54.013;Нет;;50
6433;база;1.54.030;Нет;7;28
6434;угловой элемент;1.52.285;Нет;4;18,1
6435;молдинг;1.51.367;Нет;4;93
6436;молдинг FLEX;1.51.367;Да;4;93
6437;карниз;1.50.214;Нет;4;93
6438;карниз;1.50.280;Нет;4;93
6439;молдинг;1.51.368;Нет;4;93
6440;орнамент;1.60.025;Нет;;8,5
6441;орнамент;1.60.032;Нет;;8,5
6442;орнамент;1.60.020;Нет;;8,5
6443;орнамент;1.60.120;Нет;;8,5
6444;торцевой элемент;4.33.332;Нет;5;15
6445;торцевой элемент;4.31.232;Нет;5;30.1
6446;торцевой элемент;4.81.031;Нет;5;15
6447;торцевой элемент;4.81.032;Нет;5;30.1
6448;внешний угол;4.32.111;Нет;5;32.3
6449;внешний угол;4.32.312;Нет;5;32.3
6450;внешний угол;4.81.011;Нет;5;30.1
6451;внешний угол;4.81.012;Нет;5;30.1
6452;внутренний угол;4.31.222;Нет;5;21.1
6453;внутренний угол;4.32.221;Нет;5;18.4
6454;внутренний угол;4.81.021;Нет;5;18.4
6455;внутренний угол;4.81.022;Нет;5;18.4
6456;опорный блок;4.78.101;Нет;;
6457;полукрышка;4.73.211;Нет;;
6458;полукрышка пирамида;4.76.111;Нет;;
6459;полуоснование;4.74.111;Нет;10;95
6460;полупоручень;4.72.111;Нет;10;95
6461;полустолб;4.75.111;Нет;;75
6462;полустолб;4.75.211;Нет;;75
6463;торцевой элемент;4.02.331;Нет;5;32
6464;торцевой элемент;4.03.131;Нет;5;15
6465;торцевой элемент;4.03.132;Нет;5;15
6466;торцевой элемент;4.03.332;Нет;5;15
6467;полубалясина;4.71.111;Нет;8;
6468;полубалясина;4.71.211;Нет;8;
6469;торцевой элемент;4.33.331;Нет;5;15
6470;торцевой элемент;4.34.131;Нет;5;30.1
6471;торцевой элемент;4.34.231;Нет;5;30.1
6472;внутренний угол;4.32.322;Нет;5;21.1
6473;торцевой элемент;4.32.331;Нет;5;30.1
6474;торцевой элемент;4.32.332;Нет;5;30.1
6475;торцевой элемент;4.33.132;Нет;5;15
6476;торцевой элемент;4.33.232;Нет;5;15
6477;торцевой элемент;4.04.331;Нет;5;15
6478;внешний угол;4.01.111;Нет;5;32.3
6479;внешний угол;4.01.113;Нет;5;32.3
6480;внешний угол;4.01.211;Нет;5;32.3
6481;внешний угол;4.01.212;Нет;5;32.3
6482;внешний угол;4.01.311;Нет;5;32.3
6483;внешний угол;4.02.111;Нет;5;32.3
6484;внешний угол;4.02.211;Нет;5;32.3
6485;внешний угол;4.02.311;Нет;5;32.3
6486;внутренний угол;4.01.121;Нет;5;21.1
6487;внутренний угол;4.01.123;Нет;5;21.1
6488;внутренний угол;4.01.221;Нет;5;21.1
6489;внутренний угол;4.01.222;Нет;5;21.1
6490;внутренний угол;4.01.321;Нет;5;21.1
6491;внутренний угол;4.01.322;Нет;5;21.1
6492;внутренний угол;4.02.121;Нет;5;21.1
6493;плинтус столба;4.79.101;Нет;5;116.6
6494;полка из оргстекла;C-110;Нет;;
6495;полка из оргстекла;C-120;Нет;;
6497;МОНТАЖНЫЙ КОМПЛЕКТ 101;m_comp_b101;Нет;;
6498;карниз;1.50.284;Нет;4;93
6499;карниз FLEX;1.50.284;Да;4;93
6500;карниз;1.50.283;Нет;4;93
6501;МОНТАЖНЫЙ КОМПЛЕКТ 201;m_comp_b201;Нет;;
6502;внешний угол;4.32.212;Нет;5;21.1
6503;внешний угол;4.32.121;Нет;5;32.3
6504;торцевой элемент;4.32.131;Нет;5;32.3
6505;балюстрада;4.70.101;Нет;;
6506;балюстрада;4.70.102;Нет;;
6507;балюстрада;4.70.103;Нет;;
6508;балюстрада;4.70.111;Нет;;
6509;балюстрада;4.70.112;Нет;;
6510;балюстрада;4.70.201;Нет;;
6511;балюстрада;4.70.202;Нет;;
6512;балюстрада;4.70.203;Нет;;
6513;балюстрада;4.70.211;Нет;;
6514;балюстрада;4.70.212;Нет;;
6515;полукрышка;4.73.111;Нет;4;
6516;полупоручень;4.72.211;Нет;10;95
6517;полуоснование;4.74.211;Нет;10;95
6518;полукрышка пирамида;4.76.211;Нет;4;
6519;ниша;0-1.61.102-1.61.120;Нет;;
6520;ниша;0-1.61.101-1.61.110;Нет;;
IE_XML_ID;IE_NAME;IP_PROP142;Нет;IP_PROP163;IP_PROP164
